vx_sum,vy_sum,vz_sum
0.07355964975727101,0.04172009996290857,-0.032148706844246186
0.0729147750408919,0.04249452264310074,-0.031826384344863394
0.07212480351332748,0.04241461525371154,-0.031438686249317414
0.07177012241931899,0.04128639966134358,-0.03114717481979572
0.07152829440067683,0.042479632769346375,-0.030761095290772898
0.07078668847684086,0.04238356053550737,-0.030986056807711465
0.06970652332690587,0.040385408724132044,-0.03088658985381052
0.06856187070533297,0.03966094177965917,-0.03177163128136515
0.06761068049867379,0.039033034136482014,-0.031544521605997654
0.06698192765020414,0.03848544932258359,-0.03039882347027616
0.06624032172636819,0.03788959918355073,-0.03080068144330255
0.06546647206671324,0.03739050890300169,-0.030799550033380713
0.06501505976524787,0.037810078583024084,-0.03034810925917805
0.06482159735033416,0.037100888301168276,-0.02989589480537031
0.06419284450186452,0.03526355405451168,-0.030232262476246174
0.06390265087949396,0.03436098731082272,-0.03010222755959107
0.06349960418175699,0.03474827027848592,-0.02961855735598048
0.06317716682356747,0.03495814107157775,-0.029731310280102504
0.06295146067283476,0.03486161042130894,-0.02887656485977623
0.062338829692274604,0.03450747369681082,-0.028698365023930493
0.06198414859826612,0.03433044831110208,-0.02884298923325717
0.061597223768438646,0.034411401462971884,-0.02850415797522251
0.0610652021274259,0.03367026828107909,-0.028551392073516795
0.061032958391606926,0.03379927187538175,-0.028986768472888325
0.060758886637145806,0.03355768739046791,-0.02884121335352043
0.05979157456257716,0.032591234846705154,-0.028613788523225027
0.059372405996930736,0.03276894785705863,-0.028210527108341207
0.0593240403932023,0.03222084732467666,-0.027968169064804562
0.05906609050665069,0.031672933023969375,-0.028144793438016968
0.05924343105365493,0.031382581820951015,-0.028209180561018486
0.059130577978288565,0.031753485061463006,-0.02874143145481853
0.05856631260145686,0.030770552511954964,-0.02857883774929624
0.05774409733807349,0.02952989928411014,-0.02839966386131457
0.057389416244065,0.02930450829467298,-0.02888280432019995
0.0576796098664356,0.028917325605603762,-0.028624768365952943
0.057599000526888204,0.028836787893623546,-0.028140969105371724
0.057163710093332334,0.028692077871300885,-0.028172697294629238
0.05703473515005649,0.029546651474610625,-0.028382926276496717
0.05729268503660813,0.02961090973803365,-0.027835069175963335
0.05745390371570292,0.029191597917252936,-0.027818718036164217
0.05735717250824605,0.028949855851691308,-0.027947392181862835
0.05677678526350486,0.02841834992916211,-0.027752941535751773
0.05648659164113428,0.029079604372692466,-0.027833880476722757
0.056696175923957474,0.029611439782030607,-0.027383127066097974
0.05640598230158686,0.029531088301725038,-0.02814052548564915
0.05656720098068163,0.028982801537668433,-0.027575916232820213
0.056857394603052246,0.027450966227026256,-0.0273007412992103
0.05635761669785846,0.02735467911048583,-0.028444864074178188
0.055906204396393065,0.02806444241287889,-0.0283806059890447
0.056099666811306785,0.02733878645079124,-0.027977086472954712
0.05619639801876367,0.026726069517150446,-0.02796050615041061
0.05611578867921629,0.027096944106635632,-0.027412620532567496
0.056131910547125755,0.027387123403492808,-0.027074333484856127
0.05564825450984142,0.026968384603249334,-0.028073087257516102
0.055374182755380294,0.026081925401956356,-0.0282816402116195
0.05574498571729829,0.025775280424867392,-0.028588012857501174
0.055986813735940465,0.025549359391433196,-0.029345754879247822
0.055422548359108745,0.026001273085868658,-0.02931341108769678
0.05514847660464764,0.02713004737326046,-0.028830514410871446
0.055309695283742404,0.027178269721854595,-0.02820194773040162
0.05513235473673815,0.028000642565885647,-0.02828313016052859
0.05503562352928128,0.028129703462242098,-0.028105818302756075
0.055083989133009714,0.02816190422152076,-0.028444449137319867
0.054729308039001216,0.028871581570833235,-0.02875107992898006
0.05416504266216946,0.02925900779363081,-0.02918621300475006
0.05453584562408746,0.02904909402399861,-0.02971837775444511
0.054632576831544356,0.027775380506069407,-0.02997528184031132
0.05400382398307471,0.027308405031718316,-0.030006551689548754
0.05455196749199696,0.026920993134434173,-0.02990996352073181
0.05418116453007898,0.027937000299540195,-0.029459124386255833
0.05406831145471262,0.027405078937121484,-0.02908774844837296
0.054761551774820165,0.025518204394635053,-0.029070566218667753
0.054551967491996964,0.026082656003141375,-0.028490494217999353
0.05434238320917375,0.02690505749819928,-0.02900693844339033
0.053616899153247244,0.02667999599557111,-0.03013462427829801
0.05355241168160934,0.025986812977517232,-0.02984375738226615
0.05347180234206196,0.02656727184982559,-0.029586251618468302
0.05339119300251456,0.027599143023599323,-0.02947424378023172
0.05324609619132928,0.027647637556948632,-0.029732107771010235
0.05273019641822598,0.027486877294283635,-0.029618653227839235
0.052875293229411285,0.02698697045946899,-0.028796122745853046
0.052568977739131224,0.02735804560614216,-0.028892911376345736
0.05203695609811845,0.027584224498818078,-0.02879590819426068
0.05187573741902368,0.02872902037552523,-0.02840985728442733
0.0515694219287436,0.02979333584230603,-0.028974796081372538
0.05098903468400242,0.029987313975703266,-0.02900669623409846
0.05047313491089914,0.029745944373490915,-0.02853848896935186
0.050247428760166434,0.028746589120291315,-0.028601887791113743
0.04987662579824846,0.028102043890721136,-0.02905239773168503
0.04929623855350725,0.027828487854743535,-0.02897102936915528
0.04948970096842098,0.028005656495586683,-0.02822975285571835
0.04973152898706317,0.028037685348704145,-0.02808489948274912
0.048586876365490264,0.029086623874273788,-0.028358885736220987
0.047909757913292196,0.029087225545837935,-0.028406649935819588
0.04824831713939123,0.02770044406984076,-0.028115525021358806
0.047893636045382715,0.027523418684132016,-0.02763139638221593
0.0476195642909216,0.027539784085769795,-0.027469948603153452
0.0473938581401889,0.027620593982505208,-0.027566550970134183
0.047329370668550995,0.027846357435291645,-0.02745384117537213
0.04749058934764579,0.027717239236881547,-0.026792873178435605
0.0469746895745425,0.02750811337048813,-0.02677610686618111
0.047135908253637275,0.028104479228004485,-0.026792901969547058
0.046829592763357214,0.027250292413557364,-0.027001454936385397
0.046297571122344464,0.02789563987187969,-0.027017677293015827
0.04658776474471505,0.028975547162572914,-0.02642238573439213
0.045910646292516975,0.027718643137197775,-0.0264851544118526
0.04497557795376729,0.028090276978894747,-0.025646316256903712
0.04502394355749573,0.0271229219277858,-0.024984503099247126
0.04473374993512511,0.026446061334829535,-0.02499976555096545
0.044088875218746014,0.026801315449375317,-0.02454809564495755
0.04397602214337968,0.027494656048076816,-0.02425841778564294
0.043508487974004834,0.028236677411802365,-0.023226861957821643
0.0424605665598888,0.027189687156059326,-0.022370541055759724
0.042202616673337134,0.02778642547692492,-0.02224186705014571
0.042573419635255134,0.02709285567000842,-0.022064239846420662
0.04242832282406984,0.025964453845965917,-0.02190188950907226
0.04181569184350968,0.026174582498299487,-0.02207887216020507
0.041315913938315886,0.026223392192944287,-0.021369109055203943
0.04060655175029886,0.026288509987173178,-0.0207559053342758
0.0403808455995662,0.027239900751020448,-0.02053084392079227
0.039977798901829224,0.027981864812692114,-0.02007973261429617
0.03939741165708806,0.026902215381240636,-0.01999764797609468
0.03976821461900603,0.026482717328785352,-0.019110902118080902
0.03922007111008381,0.02616076703805243,-0.018932788209845865
0.03859131826161417,0.02609683826143832,-0.019270731687199245
0.03839785584670044,0.026870859827254463,-0.018981053859721913
0.03762400618704551,0.026355647678795873,-0.018641348898187672
0.03730156882885597,0.025436987718224297,-0.018092102452080792
0.036914643999028496,0.025405087794727693,-0.017479099160991003
0.036656694112476865,0.025421438870852048,-0.017091959550341956
0.03655996290502,0.025276428012747328,-0.017188475913302245
0.03609242873564516,0.025824986961559084,-0.017575472555353855
0.035431432151356565,0.025599868156877103,-0.017397344366177618
0.034754313699158525,0.024375207867320885,-0.016895876317833285
0.03481880117079643,0.02424617562199137,-0.01683133151867164
0.034689826227520607,0.025390942847671724,-0.016155115624759707
0.03399658590741308,0.025310949505201918,-0.015928722123184
0.033690270417132996,0.025182246746681236,-0.01618628534185523
0.03330334558730553,0.026037049558205926,-0.016009360387560095
0.033271101851486594,0.025666275247314754,-0.015896149187092957
0.03310988317239178,0.025811515313634396,-0.014977188454414137
0.03233603351273689,0.025489765580089568,-0.014282974305032427
0.03185237747545256,0.025893242043229445,-0.014863290113231101
0.0314654526456251,0.02631275442119817,-0.01497617199244383
0.031465452645625086,0.026280510685379226,-0.013944343795210428
0.03157830572099145,0.02663509150079376,-0.013848027983070629
0.03138484330607771,0.02660301967113596,-0.013976802445568171
0.030917309136702847,0.02624875401701695,-0.014588703009600353
0.029949997062134193,0.025266179605344725,-0.01457084813661475
0.029095538062931896,0.02468655161281538,-0.013973064390745343
0.028563516421919122,0.024138880845836336,-0.014101079734748178
0.02799925104508741,0.02380082301270741,-0.013810084106487394
0.02795088544135897,0.02362352544224348,-0.014019467851224935
0.028337810271186446,0.022994428781451484,-0.01366457172169537
0.027225401385432495,0.02260849241205081,-0.013373046265932019
0.0267095016123292,0.02302811939412699,-0.013098888762149841
0.026886842159333468,0.023511617850763587,-0.012986622962791787
0.025806677009398465,0.02338360271688766,-0.013259620730366935
0.02532302097211414,0.023142204463648463,-0.01229166419871837
0.02508119295347197,0.023029566270983577,-0.01240420220830151
0.024790999331101383,0.022691264904126342,-0.012145693741340686
0.024742633727372947,0.022417236126205473,-0.012129285382265036
0.024146124614722278,0.02312712835821947,-0.012774260612835065
0.024307343293817046,0.022804547744895588,-0.012564533011202817
0.024146124614722278,0.02277244726421094,-0.012757823583630144
0.02354961550207161,0.023417852024587002,-0.012435429437577701
0.02311432506851572,0.022596023550066267,-0.012724505841822789
0.02295310638942093,0.021854560881364667,-0.012723703676745404
0.02298535012523988,0.021306388721415524,-0.012046126795382655
0.02329166561551995,0.02207996619631526,-0.011869745936796109
0.022856375181964067,0.022483399682914827,-0.011627889439049206
0.02261454716332191,0.02164527743432347,-0.011514076649795205
0.02308208133269676,0.021660983862343438,-0.011466140626812648
0.022050281786490194,0.020968660375095503,-0.011609705015579725
0.021260310258925795,0.02013102519396086,-0.011092358677626502
0.021695600692481696,0.019792079178999146,-0.01099571325132821
0.02198579431485228,0.020275477357041667,-0.011141497572543544
0.021840697503666982,0.02046906870157631,-0.010722372040744759
0.02150213827756797,0.020275907122444682,-0.010399462074329064
0.02151826014547744,0.020904645645400826,-0.010545131899684246
0.021244188391016317,0.021372423348504026,-0.010609791385730467
0.021115213447740498,0.02090500378323663,-0.01010948348747958
0.021228066523106836,0.019760250883069687,-0.010044079138409682
0.02145377267383954,0.020695118664631362,-0.009545332581038155
0.021082969711921546,0.021001763641720347,-0.00898101004860484
0.020599313674637226,0.02134075263322232,-0.00910985625328422
0.02058319180672774,0.021421376298283185,-0.009448472787804474
0.02055094807090878,0.019793096290452745,-0.009463119140565527
0.020180145108990792,0.020357691154093423,-0.009737362947639971
0.019196711166512673,0.020068371388042152,-0.009623378545129005
0.01945466105306431,0.019455511199267077,-0.009252260320035741
0.01942241731724536,0.019262077435380217,-0.009687350209138537
0.018713055129228343,0.019633510719889183,-0.00926788108787942
0.018842030072504172,0.01887566832403625,-0.00941241915310105
0.0184551052426767,0.016989753590949723,-0.009362033804798376
0.01890651754414207,0.017424642910129545,-0.008459996926816869
0.01879366446877573,0.018359811527473267,-0.008815408666582735
0.01942241731724535,0.01905249315255702,-0.008397414544705818
0.019744854675434895,0.019036084774378913,-0.007672202546184897
0.019245076770241103,0.01826267920564036,-0.007848411575020019
0.019728732807525434,0.018101030761142615,-0.007655235479350535
0.019551392260521182,0.018617088114893682,-0.007881242535907407
0.018874273808323107,0.01871442099391464,-0.00831601751841414
0.018084302280758715,0.020020994244740454,-0.008219745039393735
0.018277764695672445,0.020520600243773036,-0.007801192394415085
0.018729176997137817,0.01934330277200512,-0.007381379002374767
0.01934180797769796,0.019391124006223167,-0.00734972237064214
0.019228954902331633,0.019858758454192025,-0.007527378123514288
0.01898712688368946,0.019729998393617637,-0.008010704769501975
0.01914834556278423,0.018923761743009533,-0.008203594100203536
0.01869693326131886,0.018714578574562414,-0.007719350895158077
0.01847122711058618,0.01831173243401347,-0.007283501855723086
0.01832613029940088,0.01900510168374185,-0.0071872577730303115
0.01837449590312932,0.018602012009464663,-0.007154698856813386
0.018503470846405124,0.017957022688978107,-0.0069124123708015186
0.01845510524267669,0.018553574778169105,-0.007315946155097565
0.018213277224034537,0.017876671208672482,-0.0072990078284347676
0.018100424148668193,0.018505524335736153,-0.007041516402885301
0.018132667884487145,0.019037517325722033,-0.007767501839046962
0.01853571458222409,0.01897267171624834,-0.007783924383551373
0.018197155356125056,0.01744139510063006,-0.0075243128711588066
0.017939205469573415,0.01740938057302595,-0.006895302265327232
0.018293886563581923,0.018231280675113825,-0.006573910529533571
0.018487348978495657,0.017553990316754583,-0.006863674310091418
0.018761420732956766,0.01902083676278871,-0.00633319971628201
0.018406739638948275,0.0199884639986529,-0.006591694112428527
0.018084302280758722,0.019553460075365573,-0.006977945770474522
0.018632445789680943,0.019085438838534086,-0.006494361144262865
0.018600202053861998,0.018972614414194563,-0.006204038605006382
0.01777798679047864,0.01889273567583219,-0.0065740396629138656
0.01818103348821558,0.018553818311897372,-0.006461243730414209
0.01885815194041364,0.018359754225419536,-0.0067196231149344535
0.018487348978495657,0.01876313040996537,-0.006574555101228161
0.018471227110586175,0.01900497275412102,-0.006445780721507783
0.018019814809120814,0.017522162020825138,-0.006573036781461433
0.01798757107330186,0.016764462880106565,-0.006814162862680453
0.01784247426211655,0.018038219374576177,-0.007153724932026973
0.017439427564379613,0.018602842889243684,-0.0068314309881587956
0.017503915036017514,0.01795791087081085,-0.006911524583752738
0.017374940092741698,0.018441681512202594,-0.006944083531807127
0.017503915036017535,0.01939275711475434,-0.006413021649254363
0.017906961733754462,0.019892176882112353,-0.005962411417354004
0.0183100084314914,0.01997242808382397,-0.00643037519294481
0.018471227110586172,0.019375775716039014,-0.00630101339713142
0.01839061777103879,0.019408091079425135,-0.006220361112881203
0.017971449205392363,0.019456829146502725,-0.007138978262467063
0.018358374035219845,0.0189728292968961,-0.006719723590920394
0.01853571458222409,0.018537381282692448,-0.006413178822383154
0.01843898337476723,0.018231151745492953,-0.006493430062299668
0.0187452988650473,0.018827388673388422,-0.006300769755155878
0.018713055129228343,0.01842437062667832,-0.0061230424320239665
0.01827776469567245,0.01711888611487327,-0.006234348523861872
0.018164911620306104,0.017280205072562085,-0.006153782205427118
0.01869693326131886,0.017199122991071486,-0.0056705270723918485
0.018680811393409387,0.017311990391951266,-0.0052514444661935
0.01866468952549991,0.01742485779283102,-0.004316462086891871
0.018745298865047298,0.017344176825716463,-0.004477680734149256
0.018116546016577674,0.01837653506694689,-0.005606569873980336
0.018197155356125063,0.01807014794909965,-0.004703544682024081
0.018809786336685213,0.017908384900494474,-0.0043492644604273
0.018310008431491397,0.01797331646304877,-0.004751924566693587
0.017987571073301855,0.017844628030041564,-0.0049449859945808715
0.018310008431491408,0.01769924470858762,-0.0054932869568011964
0.018390617771038783,0.017941001099662617,-0.004687480039758654
0.018535714582224094,0.018537381282692462,-0.0045591640127931946
0.01811654601657767,0.017796147822205673,-0.0045742546092901425
0.01798757107330186,0.018102577916593157,-0.004364827958054679
0.01811654601657767,0.01836041319903745,-0.004623121605988686
0.018068180412849237,0.01839269991139666,-0.005654906845784336
0.01811654601657767,0.018940800443778636,-0.006445408398243225
0.017439427564379616,0.01858672102133419,-0.006057567002990388
0.016875162187547903,0.017861738358377822,-0.0068302708444327835
0.01703638086664267,0.018925638385268957,-0.007073187538420943
0.016988015262914248,0.019119143776723052,-0.006670269789407252
0.016730065376362593,0.018716326287200994,-0.0072500697899775075
0.017116990206190064,0.02040877860537378,-0.007139064553024296
0.017552280639745947,0.02011819819414054,-0.006800634084624074
0.0176651337151123,0.019344248255891556,-0.007138605920100067
0.01813266788448716,0.019811366985376958,-0.007381264633864158
0.018261642827762974,0.01971452117381262,-0.007139465215309071
0.018181033488215575,0.02042395498939678,-0.00705941460262289
0.017939205469573418,0.020730485362378336,-0.007962296603119623
0.018100424148668193,0.021020535729614622,-0.009042862803755816
0.01826164282776297,0.023164600906440822,-0.008899814477316356
0.018116546016577677,0.02413204191063035,-0.008690960852985494
0.018616323921771483,0.024760350668183644,-0.009175619478818018
0.018922639412051554,0.02505027210579901,-0.009546952363750758
0.019116101826965277,0.025372537557827354,-0.009821482458231952
0.01882590820459469,0.027275175830387553,-0.009323137218995876
0.019357929845607448,0.02730694682426326,-0.009049566647377896
0.020454216863451922,0.028531234650470198,-0.009793235012159174
0.020728288617913048,0.029127500229392544,-0.010245420783102565
0.021099091579831017,0.02949797370450159,-0.010907076194556916
0.021373163334292136,0.030368311037885114,-0.011649699121599187
0.021308675862654218,0.03109385239586529,-0.012262917473680078
0.021647235088753262,0.03385039097260384,-0.013829489025761033
0.022856375181964077,0.03528416280303998,-0.014283250233867924
0.023759199784894807,0.035686407272024816,-0.014639091337885213
0.02450080570873079,0.03616940433569124,-0.01604278229212633
0.02590340821685533,0.03768361359951366,-0.015964765316538957
0.026983573366790317,0.04019766518399224,-0.016080812554779115
0.0276445699510789,0.04206721451544097,-0.016727936115700153
0.0286441257614665,0.04369463499246549,-0.017858801533268825
0.030369165627780602,0.04493448599155813,-0.017990411689695326
0.03127199023071135,0.04688442977985274,-0.018250896835545236
0.032029718022456806,0.048624918214945016,-0.018559432481135462
0.03288417702165911,0.04915618060374595,-0.01917329511837406
0.03323885811566762,0.050590711686393966,-0.02059360948631429
0.034061073379050975,0.051702389970962936,-0.021095106128378248
0.03452860754842582,0.05315294264292643,-0.02167719792456074
0.03512511666107649,0.054829086861515074,-0.02221123922737046
0.03612467247146412,0.056843432168367056,-0.022633086269244502
0.036705059716205295,0.059374049711671525,-0.022861557014840043
0.03723708135721806,0.06014742662938318,-0.023797785510050753
0.03767237179077394,0.060566208406166964,-0.024846466004456513
0.03884926814816581,0.06259651800028063,-0.02528460675035907
0.039784336486915504,0.0644819456659105,-0.02570628191154183
0.040171261316742965,0.0653521827206999,-0.02601371463905005
0.04120306086294953,0.06552860643484461,-0.026079276116676244
0.04205751986215184,0.06722064331312787,-0.026420098436420878
0.04220261667333714,0.06944533215501493,-0.026454447965406813
0.04221873854124662,0.07070282352644071,-0.02597192363731614
0.04342787863445745,0.07218496096060528,-0.02587758431304105
0.04473374993512511,0.0724095067447501,-0.02584670098523186
0.045201284104499966,0.0732635503040629,-0.02541258505912031
0.04599125563206437,0.07477830393739564,-0.02520504901271113
0.04645878980143922,0.0746166698184113,-0.02514083354117144
0.047700173630469,0.0730195018308388,-0.024092596475463645
0.04828056087521018,0.07476014784657889,-0.023369175064241896
0.048780338780403984,0.07583986890559753,-0.022661216579149136
0.04969928525124421,0.07461379039021167,-0.021371194598689143
0.05032803809971384,0.07701539001369996,-0.02043881920813278
0.05161778753247205,0.07846521208447844,-0.019119260867440247
0.05271407455031652,0.07965725617486646,-0.01792827643205731
0.05422953013380741,0.08141319317873699,-0.016722043819529624
0.05624476362249209,0.08099223392391167,-0.016417145759143735
0.05726044130078919,0.08129764690684559,-0.016144248295632536
0.05814714403581044,0.08189336811625753,-0.01529110689345428
0.05903384677083171,0.08182809274138085,-0.014646962428048638
0.05922730918574545,0.08071551194946575,-0.0139045398735373
0.06061378982596051,0.08226197927462048,-0.013439612400003366
0.062097001673632454,0.08575910666374144,-0.013153844775474561
0.0624839265034599,0.08633915009616025,-0.012928998002728165
0.0629192169370158,0.0868062974766725,-0.012301047211088635
0.06327389803102432,0.0878216599936741,-0.011431683872533857
0.06362857912503281,0.08946577535914532,-0.010627366700640888
0.06395101648322238,0.09110991937564335,-0.009903630230003353
0.06409611329440766,0.09059389067291922,-0.00937127904487429
0.06459589119960146,0.09002918120517116,-0.00875859056486846
0.06519240031225217,0.0896578481992562,-0.008065550566352065
0.0655148376704417,0.08912554004797482,-0.00688846784993589
0.06551483767044168,0.08788415621894506,-0.0055653716168245
0.06474098801078679,0.086611216278741,-0.004273803149499775
0.06517627844434268,0.08512761764220651,-0.00354738776327818
0.06577278755699334,0.08241861378941726,-0.0028200268294953394
0.06582115316072176,0.08193491477559267,-0.0020296684939658215
0.06595012810399759,0.08203153137894206,-0.0007562414353652717
0.06614359051891132,0.08061263509674686,0.00013155011508653058
0.0676751679703117,0.07909581858948002,0.0008086548466821774
0.06815882400759599,0.0772574958823966,0.0016159517763087664
0.06817494587550547,0.07562917289802593,0.0016979936735666925
0.06933572036498788,0.07333883621791308,0.0017312406537847555
0.06954530464781107,0.070485079366261,0.0015401277058510689
0.06906164861052674,0.0691312722272678,0.0013805419442628989
0.06948081717617319,0.06784115033116032,0.0018649717248270593
0.06991610760972909,0.06603511433643619,0.0026722829608646533
0.06875533312024672,0.06569758654730426,0.0034474644348098903
0.06767516797031167,0.06429594384857969,0.004416982211825625
0.06717539006511788,0.06307112597837562,0.005079511428659311
0.06577278755699333,0.06218566956302296,0.005984369700526187
0.0646442568033299,0.05970390469090356,0.006858159036922781
0.06377367593621812,0.05714130127102196,0.007764034630370314
0.0626290233146452,0.055804203345988915,0.008652943042368664
0.061548858164710195,0.054773363609182224,0.008880525408739468
0.06000115884540038,0.05184055889894674,0.009029604101380198
0.058034290960444095,0.04992380433035747,0.008646130943456733
0.05561601077402247,0.048136425819420195,0.008827209494344061
0.05389097090770839,0.04562294725547888,0.00886322015887479
0.05174676247574785,0.045028343436114525,0.008478729819455315
0.048957679327408236,0.043192928808257716,0.00787020915967529
0.04757119868719316,0.04140463346446081,0.007324887229295541
0.04684571463126669,0.04056694098127236,0.007036082895190979
0.04489496861421991,0.03993992151992792,0.006103305868124774
0.0429442225971731,0.03916780524739822,0.005912263694515531
0.04113857339131161,0.037025201272941996,0.005432116694863639
0.03889763375189424,0.0341413781635125,0.005823596152882136
0.03636650049010628,0.03120944730959628,0.006634544897714394
0.03401270777532255,0.029712205118975807,0.005670655691203187
0.032610105267198014,0.028681651892437796,0.005705062025579213
0.03149769638144405,0.028005521900666443,0.006238673359226477
0.029853265854677336,0.026991305424739393,0.005918599061269773
0.028208835327910617,0.024171439742950804,0.005696860428274262
0.02688684215933346,0.022366965229190697,0.005473932905013604
0.026064626895950106,0.021400383755806975,0.005362669636896509
0.02525853350047623,0.018628138751048434,0.005236874639228259
0.024242855822179152,0.016726660845076274,0.005255589023917341
0.023565737369981105,0.016356459554722407,0.005337129254403469
0.022759643974507214,0.015260888812549467,0.005451672421980459
0.022147012993947068,0.014922873955960834,0.005662101668131822
0.021889063107395423,0.013826816146331288,0.006130839078755161
0.020696044882094086,0.012554248669476433,0.006133030411116388
0.019503026656792734,0.012265115135099773,0.006182713490886725
0.018084302280758725,0.01073479832888142,0.006862452951704189
0.016278653074897224,0.010123771805825476,0.006542163707371121
0.014972781774229556,0.009786372946314462,0.00655974626188452
0.013844251020566113,0.009448816506155588,0.006125759004326907
0.01266735466317426,0.009095181174627593,0.005675707161811285
0.01171616445651508,0.00730649904196804,0.005146120482400396
0.011522702041601347,0.007242183476491278,0.004694937312740156
0.010748852381946417,0.007323480440683376,0.0050502340981868924
0.009072178119360765,0.00618031767250733,0.004875399853814966
0.00863688768580488,0.005568073480809809,0.004715112161171148
0.008733618893261734,0.004584553585251095,0.0050544593287137896
0.008959325043994411,0.003826625236317646,0.004780860405340671
0.008120987912701586,0.0033275922578222296,0.004669196016479952
0.007169797706042412,0.0035702654817568705,0.0055404068305012835
0.007137553970223461,0.0023611540395728566,0.005686606693485658
0.006041266952378982,0.0017172534581071325,0.00499491309583995
0.005654342122551515,0.002136765836075857,0.005091615499450298
0.0051868079531766685,0.0016535252386810715,0.004882876237262597
0.004541933236797564,0.0019926574853173624,0.0038835923569307987
0.003945424124146902,0.002557452906146027,0.004206058130550341
0.0034456462189530867,0.002445043921696068,0.004174358566849783
0.003236061936129892,0.002332377078004337,0.004223010598069568
0.0024783341443844367,0.0021718316980408516,0.004514020475434021
0.001543265805634743,0.0011892286353417183,0.003886971993748724
0.0012369503153546704,6.097006643345643e-05,0.0036786625606387087
0.0014949002019063145,0.0002542032731323072,0.003597652208594969
0.0010918535041693639,0.000657608108705004,0.003049508540485586
0.0009790004288030203,-0.00011614127235593456,0.0033404900215225075
0.0008177817497082538,-0.0011477975634281129,0.0034382812532985597
0.0006081974668850442,-0.0011476113317535114,0.0031321519119158507
0.0005598318631566025,-0.0011314464873037984,0.0033901304303917417
0.0003018819766049647,-0.001969554410381661,0.0029074484261410864
0.00022127263705757824,-0.001953360914905063,0.0025044589986204613
0.0003180038445144547,-0.0014859126986107648,0.0026168107192216486
0.0005759537310660811,-0.0013894106993688432,0.0026487393956247823
0.0010596097683504108,-0.0003257971827463035,0.0028247048843640485
0.0009628785608935483,-0.0004546861729414932,0.0027442960637998897
0.0003180038445144447,-0.0021146655470804447,0.002391663263512711
0.0006726849385229547,-0.0012121561054451808,0.002309936674002342
0.0009790004288030235,0.0005126115761136867,0.002146913101197334
0.0009306348250745931,0.00012572972282658381,0.0019215937202249325
0.0005437099952471326,0.0006419733082521852,0.001937600831207365
0.0002857601086954897,0.0013838084403030393,0.0015341242661877116
0.000237394504967049,0.001351607681024387,0.0009215648940923131
6.005395796280842e-05,0.0008681092243878475,0.0003740086611784947
9.229769378176851e-05,0.0005617650830808951,8.405858527109804e-05
0.00035024758033339916,0.000690510818141789,-0.00015811314381368683
0.0005275881273376578,0.0009483031240457117,-0.00041644974918565513
0.0006726849385229458,0.0015608051749849757,-0.0019003348386814906
0.0008016598817987754,0.0018347623253386041,-0.0031581986225166577
0.00025351637287654146,0.0005293780921276207,-0.00357571997061292
-0.0003429927397741233,9.461770256866154e-05,-0.004139068750181905
-0.001116842399429057,0.0002726458742176173,-0.005750725802771833
-0.002213129417273533,-0.000516351518433408,-0.0072645057341801655
-0.0036963412649454663,-0.0009664458726631479,-0.007956027578484529
-0.006082377715548136,-0.0023185626010714354,-0.010951372432918738
-0.009451848108628959,-0.003105540096328693,-0.014204295098972015
-0.013240487067356184,-0.0036825608454135,-0.01890799981075811
-0.0177546100820099,-0.004968299134410999,-0.02490017927114387
-0.023606848133150254,-0.005882045443875656,-0.03048845303148795
-0.030281301447673954,-0.007069132906616417,-0.03875198305463355
-0.03814877298749899,-0.008803303790285537,-0.04857778758074163
-0.04617746320641883,-0.010908134380738304,-0.058983506673322604
-0.05423839716115761,-0.01309354565971159,-0.07014685329178988
-0.06302481517182291,-0.013682247367542203,-0.08205257969835522
-0.07179511131457869,-0.016157221946295118,-0.09597187782767974
-0.08003338581632172,-0.01980956562438314,-0.11227663917694282
-0.08636927990474642,-0.020593907225168993,-0.1282632027686288
-0.08888429129862488,-0.019592116634686126,-0.14251358839567183
-0.08857797580834484,-0.015513556238343494,-0.1563822912164936
-0.08633703616892742,-0.010598377772319815,-0.17199461899575125
-0.080549285589425,-0.006315103767720589,-0.18881867838530442
-0.07144043022057017,-0.0005515689712163283,-0.20395420933566333
-0.05631811812148022,0.00899526136750529,-0.21795379520154437
-0.03332833448256522,0.02146928081519737,-0.23152768562053644
-0.005647087281992245,0.03342323176537769,-0.24420245989163886
0.02783803236599265,0.045775072228459654,-0.2546418075537011
0.06641766227337244,0.05733241430173296,-0.26382747241878524
0.11022077738342294,0.07019098620932211,-0.27235794046945616
0.16002122735579916,0.08536577800487964,-0.2797350236268713
0.21586737779422938,0.10166372848656395,-0.28516773323291017
0.27825900660390757,0.12174450176852229,-0.2885299019475379
0.3456645363334333,0.14573843371780662,-0.28906255626425087
0.42134058430052096,0.1702247945838943,-0.28942565984674756
0.503513745035128,0.19625308158737925,-0.28813535689967446
0.5884276233143463,0.2265028626458639,-0.28096675970497204
0.6773880904388434,0.25942527807345056,-0.27096668589906414
0.7675415757886418,0.2965383190695075,-0.2565862482720705
0.8573081363086129,0.34001984170213034,-0.23776149002036392
0.943592373360137,0.38614844498280887,-0.21587283331453447
1.0253463655290977,0.43266799856258886,-0.18867640219879792
1.1024088941364008,0.48204529148675507,-0.15720604483145637
1.1756505400491566,0.5306521298979493,-0.12558650939069493
1.2472477554351462,0.5750365001192308,-0.0947033660363639
1.3081884161329718,0.6148194852827794,-0.06174306153730691
1.364163541514678,0.6446435683364079,-0.027866668971066516
1.4137382853363216,0.6638812714023417,0.006750304214365839
1.4494159790199956,0.6761827979918686,0.04035399525368795
1.4740501931856769,0.6779826796811164,0.07267096384207372
1.4830623173470754,0.6710745122538521,0.10405836757899012
1.471680278602984,0.6584612034932137,0.13337312776456695
1.435518928882026,0.6402433811463113,0.16348874574130798
1.3804466281032501,0.6207848569297248,0.19508936744605598
1.3127025391476261,0.5959206449491109,0.22891475327563068
1.2256444524364474,0.5632867327333099,0.2639572308903394
1.117627937442947,0.5277050199896257,0.30042356179737645
0.9978102151397101,0.4870554051302878,0.33853319551483546
0.8739781477270129,0.4418146249695933,0.3811646004856171
0.7454868604884766,0.3975936625605774,0.42471818765307173
0.6110949695950717,0.3578275788324931,0.46490359139315546
0.47841199670007145,0.3237993615757591,0.49889158014374796
0.3521777709688621,0.2902974357546656,0.5257958684817572
0.24177521952475986,0.25732958578830467,0.5472041732617664
0.14986445057282824,0.22671521904073122,0.5590498023284884
0.07301150624834876,0.1980059745448407,0.5651893332047516
0.013231620040005974,0.16915258438695072,0.5650907736965043
-0.03287692218109984,0.14191535485252815,0.5564985221552515
-0.06915112497742434,0.11724888562042893,0.5428813429329744
-0.09533303846241592,0.09246059554155542,0.5238867181900715
-0.10905274805338133,0.07209474551590579,0.49863792235018967
-0.11735551002676224,0.05602862084957379,0.4724131782906143
-0.12169229249441173,0.04266744591572992,0.4489877100511286
-0.12332060115326897,0.029884251540370766,0.4246887396095282
-0.1260290749620612,0.019471931557104725,0.3998727229271284
-0.12644824352770756,0.009702452067310564,0.3759569245083979
-0.12464259432184613,0.002204179031899232,0.3513922554337535
-0.11988664328855023,-0.0019917326510272265,0.3271122228475177
-0.11308321503075067,-0.005754173240603502,0.30125004188575527
-0.10529635283047305,-0.00803427583882718,0.2750954758864836
-0.09621974119743719,-0.010637961836314866,0.24979450986500698
-0.08575664892418623,-0.011308255678820335,0.22544178354202646
-0.07648657487623661,-0.011445467792319152,0.20341119307286742
-0.06832890971404099,-0.010179088937266698,0.18168665979539042
-0.0592845418168241,-0.006866020760949276,0.1605076631336028
-0.05206194499337815,-0.0035029681978856835,0.14187749668846436
-0.044662007622927956,0.0005692889725472087,0.12513280095553841
-0.03710085157338297,0.005415252547500675,0.10887093044379267
-0.03066822627750144,0.010681387474040764,0.09435085154313763
-0.023639091868969207,0.013689930849256977,0.080074076424605
-0.017432172723820336,0.017779369975593238,0.06611950913130535
-0.01066098820183976,0.0226099136327954,0.054646549352339396
-0.004131631698501367,0.0256027792310185,0.044046018336205466
-0.00016565219276987555,0.02921055356643744,0.03375353518504692
0.003155452596582507,0.030384498868062434,0.02514046221484023
0.007314894517227692,0.0317027960541743,0.017671168340996135
0.010990680400588593,0.03492390341900747,0.010571416592863639
0.013892616624294554,0.03484071548704246,0.003975066799183836
0.016907405923366862,0.03543454572868152,-0.0017836477687888535
0.019277320506060056,0.03746379523480125,-0.006527386863321926
0.021566625749205877,0.037494004747712986,-0.011253156130550406
0.023017593861058845,0.037879640281331645,-0.01578503354857119
0.02408163714308437,0.03699199206242383,-0.018687126932671078
0.026096870631769055,0.035329648978568835,-0.02120245269190948
0.027257645121251457,0.035393105013239584,-0.023863649177535338
0.027854154233902112,0.03584398727070807,-0.02613776347554776
0.028644125761466514,0.03585940718845938,-0.02849227215399646
0.029095538062931893,0.034778840924148346,-0.030345728090272993
0.02970816904349204,0.03471380908300009,-0.03223247346117413
0.030240190684504804,0.033729902398578704,-0.03374752772016197
0.03075609045760808,0.03256866949266644,-0.03553648183381731
0.030820577929246,0.03350368052936244,-0.03727853172440368
0.03090118726879338,0.03366482758089003,-0.038536252272207035
0.03164279319262936,0.034679846285569325,-0.03945675993110695
0.03157830572099145,0.035082950285359946,-0.040908028904211975
0.032029718022456806,0.03443767445460482,-0.042036387573424705
0.032900298889568594,0.03372753868886248,-0.04248794278618025
0.03327110185148657,0.03330804063640718,-0.04416457392577349
0.03380312349249934,0.03395244261084302,-0.04527802836388108
0.03451248568051635,0.03398405602407098,-0.04634273033935518
0.03496389798198171,0.03380631436269067,-0.04771333246709946
0.034802679302886934,0.03430623552301883,-0.04893889532767669
0.03510899479316702,0.03372557609352243,-0.049825354407987445
0.03607630686773568,0.033966544581358706,-0.05072925304237651
0.03630201301846835,0.03477243741964455,-0.0513750445024705
0.03783359046986872,0.034222932986946314,-0.05184345192325364
0.03881702441234687,0.0350281525261009,-0.05281235374139675
0.03888151188398477,0.035366654450146216,-0.05474733600289989
0.03978433648691552,0.03551094903257932,-0.05568333514344349
0.0402196269204714,0.0367197023369275,-0.055088287061240804
0.04110632965549267,0.03662218322623194,-0.05594344766038962
0.04150937635322961,0.037573015295055294,-0.057008694126356466
0.04246056655988878,0.03878131018297372,-0.05768773182167265
0.04358909731355222,0.03819992015229234,-0.058300849423965566
0.0436697066530996,0.03816760478890618,-0.05901025455668562
0.04426621576575027,0.038973168140383124,-0.05968861909295529
0.04489496861421989,0.0398915559161995,-0.05986733464091712
0.04602349936788334,0.04013238114890148,-0.060110379882477055
0.04678122715962876,0.04016395158558922,-0.06046576262737196
0.04795812351702064,0.04017902769101814,-0.060982722023642896
0.049247872949778844,0.03972646934847833,-0.06128978193122267
0.04926399481768832,0.03987155183415015,-0.06132216891580849
0.05055374425044653,0.039467359095338696,-0.06191946542229919
0.05134371577801093,0.03933768220190473,-0.06301633947418772
0.05144044698546777,0.0395955461353758,-0.06338745755919627
0.05248836839958382,0.040739267598575664,-0.06416325507479143
0.053117121248053456,0.042173555147495344,-0.06474547573692001
0.05369750849279464,0.04128633669399062,-0.0650515188132154
0.05440687068081166,0.04096326901321006,-0.06543878717519598
0.0545842112278159,0.04238183580859632,-0.06556918027425925
0.055519279566565605,0.04370299809739447,-0.0667158380983985
0.05584171692475517,0.043283543021479416,-0.06774755156417482
0.05561601077402247,0.04402534950250338,-0.06839288478612846
0.056583322848591126,0.04478221776344299,-0.06936172930858525
0.0574539037157029,0.04399147265815331,-0.06986157849750212
0.058002047224625146,0.0442166917414293,-0.07068448116903567
0.05861467820518532,0.04353902891972086,-0.07153888262421995
0.05953362467602551,0.04408635587437757,-0.0715724296188146
0.060194621260314114,0.045020836867076544,-0.07204138175295241
0.060613789825960517,0.045762070327563305,-0.07289687202356714
0.0618551736549903,0.04635747637567968,-0.07288238277389263
0.06322553242729591,0.04596933387721061,-0.0729638654285232
0.06374143220039917,0.04580765678168608,-0.07393149246062795
0.06491832855779103,0.04603231716993822,-0.07486780665421984
0.06575666568908385,0.046273400261881995,-0.07459469437804944
0.0662241998584587,0.04695010327419059,-0.07443449262575129
0.06802984906432019,0.048334979456901316,-0.07482425319407993
0.0688843080635225,0.048962973053159074,-0.0751963737657571
0.06949693904408265,0.04939771911720455,-0.0752456702858942
0.0702385449679186,0.049606644426409996,-0.0757946587072046
0.07056098232610818,0.05071876680189525,-0.07703731737958007
0.07173787868350003,0.051910739264716114,-0.07731349451968932
0.07299538438043927,0.05153881891275055,-0.07757223181281599
0.07410779326619323,0.05206985209333653,-0.07829917663175608
0.07418840260574061,0.05361747978507923,-0.07904222940061116
0.07509122720867137,0.05413257732943033,-0.07947878012277006
0.07612302675487792,0.05382534500629066,-0.07975349611781658
0.0768485108108044,0.05429223452756111,-0.08065738052220452
0.07797704156446786,0.05509732513709481,-0.08159416747684209
0.0785735506771185,0.0553869887154684,-0.08217534238922514
0.07999227505315258,0.054998803240458985,-0.08340152062286656
0.08149160876873396,0.05469115547742981,-0.08464396394771417
0.08218484908884151,0.05499685497063232,-0.0849350454781158
0.08282972380522059,0.05604420336421111,-0.08559754598661541
0.08403886389843142,0.05707492849691032,-0.08566402422705895
0.08548983201028436,0.05733158908725319,-0.08579451710168494
0.08640877848112463,0.05802401285309512,-0.08673101762883123
0.0870536531975037,0.05839424279447585,-0.08681252922102546
0.08810157461161977,0.05876411459802079,-0.0877972233947992
0.08956866459138221,0.05948829503222503,-0.08813773031128386
0.09031027051521819,0.05987456088843469,-0.08868687631324206
0.09118085138232997,0.060550905762907434,-0.09026819427381617
0.09195470104198489,0.06125958032627973,-0.09117233651834339
0.0928575256449156,0.06279035554892796,-0.09125510865383976
0.0941150313418549,0.06296657870588455,-0.09174003916515579
0.09498561220896667,0.06254663656251289,-0.09294958002889857
0.09619475230217747,0.06322268060120358,-0.09383795837143005
0.09693635822601346,0.06351221524995636,-0.0951931118157815
0.09808101084758639,0.06373690428923545,-0.09583920374871098
0.09954810082734881,0.06515432504354718,-0.09606747358690694
0.10104743454293023,0.0659429642983625,-0.09661765072656042
0.10259513386224009,0.06619953893562469,-0.09686108259142856
0.10388488329499827,0.06700448629002408,-0.09760455032261194
0.10494892657702379,0.06716475948523244,-0.09878253499877056
0.10593236051950193,0.06747020111919318,-0.09925121482080343
0.10783474093282028,0.06808114168916841,-0.10047871081065603
0.10980160881777656,0.06906282791900795,-0.10222249333700453
0.11173623296691391,0.07052819883715866,-0.10278978063307223
0.11354188217277535,0.07146166271840404,-0.10354994304894291
0.11537977511445577,0.0722983667411657,-0.10476146045149021
0.116637280811395,0.07353863318014782,-0.10589221116307176
0.11768520222551111,0.07424706420979185,-0.1064741594748905
0.1196681919783768,0.07571239215140221,-0.10681578357766348
0.12116752569395822,0.0773071248016914,-0.10794706423772968
0.1222638127118027,0.07720941945932121,-0.10965686998497821
0.12345683093710404,0.07775650288024953,-0.1103516569893425
0.12473045850195277,0.07891614565417082,-0.11074074446866695
0.12624591408544367,0.07935008948946416,-0.11274158887802394
0.1283740006494947,0.07973512335151871,-0.11395296291082217
0.13064718402473105,0.0808938779436073,-0.11387540400782056
0.13163061796720915,0.08090912595519743,-0.11566581913918882
0.13351687651261804,0.0818102744730567,-0.11707089921614146
0.13566108494457857,0.08240487829242105,-0.11752474600801484
0.13745061228253055,0.0831771378200851,-0.11886513809434633
0.14011072048759432,0.08491593584459249,-0.11956228822898594
0.14210983210836958,0.0843982597078237,-0.12104681723432564
0.14433464987987749,0.08637927253983597,-0.12319476374657892
0.1465594676513854,0.08858599152258087,-0.12421438006235691
0.14844572619679422,0.08903572773897478,-0.12600598385476092
0.15096073759067274,0.08911410229842687,-0.12781393847495742
0.1530888241547238,0.09138539470589026,-0.12833374827271976
0.15518466698295585,0.09344713148155738,-0.12982065527508407
0.157619069037287,0.09408984304540832,-0.1309680431082324
0.15987613054461383,0.0972799673196045,-0.13166612456043203
0.16213319205194068,0.09871280799166762,-0.13302364111595616
0.16484166586073293,0.1002419787568115,-0.1340753290703675
0.16788869889562422,0.10102924276233743,-0.13596499588451857
0.170887366326787,0.10063965338701171,-0.13678953069672597
0.173079940362476,0.10116972675819784,-0.1381784314827332
0.17525639253025543,0.10195776434144896,-0.14029303121373585
0.17798098820695715,0.10384160187508798,-0.1414740235918644
0.1808184369590252,0.10549963297940025,-0.14296123113710651
0.18318835154171842,0.10686788590123142,-0.14404471887013756
0.18557438799232112,0.10862304932737667,-0.14585404879056338
0.1887826397063071,0.11005504479414734,-0.14821196598608613
0.19155560098673724,0.11137457397441436,-0.14927964685331602
0.19431244039925785,0.11300043297047475,-0.1502669762466079
0.19752069211324394,0.11504505941780567,-0.15164200386916285
0.20016467845039834,0.11580043782534835,-0.15338618724245315
0.20301824907037583,0.1154432211154625,-0.15551649313404148
0.2060169165015386,0.1179394460959333,-0.1577139509854586
0.20833846548050336,0.1208876850494336,-0.15900838394419128
0.21188527642058838,0.12243223275578853,-0.160189805762981
0.21548045296440185,0.12325125342967676,-0.16158021017392737
0.2180277080940994,0.12440976448803698,-0.16276040039334622
0.22134881288345176,0.12601900022321794,-0.16466716310207288
0.22450869899370934,0.12733818559116247,-0.1666057684959174
0.22779756004724283,0.13005985886312418,-0.16838451608350316
0.230876836817953,0.13252376848020897,-0.1696630704087829
0.23408508853193907,0.1339557639469796,-0.17103755366182755
0.23763189947202412,0.1353390929742398,-0.1730732912246854
0.24132380722329447,0.13699636482634017,-0.17478696383539558
0.24527366486111643,0.1381697514329414,-0.17596841414602513
0.2487237445937447,0.13994009124310963,-0.1776013629085926
0.25199648377936856,0.14190405104883932,-0.17971798210400022
0.2555594165873631,0.1429326846565776,-0.181060178504601
0.2589933744520819,0.14489650120717296,-0.1825643099109079
0.2625724291279859,0.14821442573254365,-0.1843438452871177
0.2666351398411742,0.15019380545602462,-0.18554223397535002
0.27045602253572043,0.15078691942199213,-0.18656183533523374
0.27437363643772344,0.15207318775498654,-0.1877917228898938
0.2777753505666233,0.15371459559841924,-0.1894890015625539
0.2813866489783462,0.15616191060565116,-0.19084862343368414
0.2845626569565133,0.15873858734502172,-0.19207899834870504
0.2877870305384088,0.16055749331610633,-0.19440502993987716
0.2913822070822223,0.16126366091462818,-0.19606940582669063
0.29478392121112207,0.16269548447523777,-0.19742793904157718
0.298427463358664,0.1652233801709902,-0.19904561106511787
0.30199039616665857,0.1669613759667454,-0.20000151295848226
0.3058435225970237,0.1688119669786253,-0.20177998813845083
0.30939033353710876,0.17129158302373004,-0.20338140940266602
0.31266307272273275,0.1722237432832531,-0.20446531221900766
0.31574234949344293,0.17246283512882984,-0.20603208324580433
0.31927303856561845,0.17408800650024572,-0.20751987786329537
0.32254577775124244,0.17534260411795835,-0.2088297733406382
0.3254315921070388,0.17563023347342466,-0.20952583464711227
0.3288977937075766,0.1773199496185322,-0.2107234356677026
0.332557457723028,0.17950927176267226,-0.21143799657167647
0.33599141558774676,0.1808604573327075,-0.21124878747797787
0.3389739611510001,0.18298589367677376,-0.21220451769441026
0.3422789440724429,0.18354722232335205,-0.21348158207714857
0.3450357834849637,0.18533429999850726,-0.21350174265100602
0.34766364795420834,0.18836287610679978,-0.21420001018842819
0.3504527311025481,0.1895856597540964,-0.21502579140308117
0.3528387675531508,0.1901155612191214,-0.2148026772278921
0.35512807279629643,0.19158061697597664,-0.2152735483377138
0.3572884030961666,0.1944161461092448,-0.21564879135555268
0.3597228051504977,0.19546190437083275,-0.2152649598751364
0.36206047599737196,0.19566941145420838,-0.2154445629299777
0.36418856256142296,0.19739256035274957,-0.21615734807519713
0.3661715523142886,0.19776160127651557,-0.21611107321322917
0.3679772015201501,0.1977277530831923,-0.21596755149536315
0.369895703801378,0.19901579777985215,-0.21547062360961167
0.3710564782908604,0.19915986315407036,-0.21543953978192182
0.3719270591579722,0.19983620802854316,-0.21498950238590175
0.3738294395712905,0.20070509848507007,-0.2140085316803707
0.37537713889060026,0.2016710353103493,-0.21401076584918766
0.37644118217262595,0.20239557388238932,-0.21370604007064462
0.3769248382099103,0.20304001883336548,-0.2129654367417242
0.37773093160538407,0.2035068367270688,-0.21167681870615293
0.37850478126503895,0.20442509557326427,-0.21098508225931645
0.37847253752922,0.20565038618541143,-0.20990597721011037
0.3794237277358792,0.20635890316813593,-0.20871443413701096
0.3793753621321508,0.20652016482377097,-0.20781170983177671
0.37852090313294856,0.20653704594389244,-0.20684365316798614
0.37879497488740954,0.20619824318406516,-0.205989136758483
0.37850478126503906,0.20484426413891071,-0.20471404810587887
0.37698932568154814,0.20520029183118174,-0.20360060838170138
0.3758124293241562,0.20468543782055898,-0.20176121172593692
0.3750547015324109,0.20329963047947516,-0.20022772928052185
0.37370046462801476,0.20234964361594415,-0.19906490677748753
0.3718142060826058,0.20036832994814993,-0.19725582019339793
0.3703954817065717,0.2007242716873404,-0.19535249485653167
0.36918634161336106,0.20012883698819708,-0.19336790112372285
0.36713886438885723,0.19714811076514946,-0.19175124558125498
0.364865681013621,0.19695666824762958,-0.18991116173383468
0.3629955443361215,0.19726464549746764,-0.1884265610499879
0.36089970150788947,0.19525127432552908,-0.1865205284585174
0.3583524463781921,0.19381869151270767,-0.18414707648006914
0.3553054133433008,0.19362793661983252,-0.18224181784200547
0.35277428008151285,0.1924049237643209,-0.1799008101501967
0.35030763429136275,0.19102063492766078,-0.1773340103291046
0.3468736764266441,0.19128163614857327,-0.17555778408919007
0.34419744635367083,0.19017160529804897,-0.1735391851618512
0.3412632663941459,0.18670801094095577,-0.17148602186739734
0.3371360682093197,0.1849382728023517,-0.16994920290815682
0.33344416045804925,0.18376465698753558,-0.16775230402556537
0.3299295932537832,0.18060789383920606,-0.16516687578559971
0.3264633916532455,0.17896654329782705,-0.16261508083715343
0.3227392401661562,0.17805090602058943,-0.15991860461929117
0.3184991889059635,0.17587822146284238,-0.15786542751509003
0.3143881125890468,0.1735603254898026,-0.1563281358075388
0.31006745198930685,0.17121037201261843,-0.15427472952696017
0.30581127886120474,0.16863465508264788,-0.15156018338148855
0.30179693375174466,0.16636503876025593,-0.14881388047214264
0.2970248608505395,0.16483770166083123,-0.14656734144174868
0.29170464444041183,0.16350431404377705,-0.14375622208972183
0.28785151801004666,0.16157311369234975,-0.14059119464197103
0.28364371048567316,0.15888450071047255,-0.13836024721262766
0.27895224692401516,0.15800196669985983,-0.13643679015669027
0.2750991204936499,0.15687685974390644,-0.13422366919127005
0.27063336308272473,0.1534307481784987,-0.13194345375273195
0.2653292685405066,0.1509204498785391,-0.12971169020211187
0.2609118767333097,0.14842548554325025,-0.12667463513455848
0.256736312944755,0.1456239908349798,-0.12436300672536561
0.2514322184025369,0.14404876087376997,-0.12292204558208894
0.2467729985766979,0.14223112987338066,-0.12019169288919052
0.24195256007176405,0.13873696786553996,-0.11781438824544437
0.2370515122272829,0.13761279206795962,-0.11572931147881337
0.23248902360890078,0.1363270967555025,-0.11343480787628982
0.22789429125469968,0.13255866243601264,-0.11129928818550067
0.22381545867360184,0.12993442232166594,-0.10927809689420191
0.218656460942569,0.12718216707344326,-0.10783621886075832
0.21327175706080348,0.1253651807211584,-0.1060241682771324
0.2088221215177877,0.12462752863902946,-0.10373025197608718
0.205081848162789,0.12230930317918075,-0.10100027138359144
0.20109974678914794,0.12057167984677473,-0.09927014753277749
0.19631155202003311,0.11906047894077292,-0.09712033971620797
0.19236169438221112,0.11625878367531446,-0.0950668616616101
0.1885569335555744,0.11489180572417867,-0.09403046512831813
0.1843813697670197,0.11273518573228734,-0.09192899402248579
0.17978663741281864,0.10996630722318515,-0.09010067800380953
0.17517578319070806,0.10905145784918627,-0.08869316366567821
0.17108082874170075,0.1077169814931112,-0.08627005739857099
0.1675662615374346,0.10584996777753987,-0.08439513738769687
0.16418066927644437,0.1040150831936799,-0.08285891980711636
0.16034366471398867,0.10100370336680434,-0.0812728899242403
0.15681297564181312,0.09982994429685388,-0.07949530279875468
0.15278250866444373,0.09893070107228097,-0.0779593433321152
0.14939691640345348,0.09757947252570544,-0.07692333342213126
0.14588234919918733,0.09600265243250468,-0.07545171796823587
0.14210983210836958,0.09289448409611845,-0.07399463435213881
0.13933687082793944,0.0905270335017354,-0.07355477517500551
0.13575781615203542,0.08888578323895048,-0.07300199161331285
0.13261405190968728,0.08792126463950088,-0.07103147196409086
0.12974435942180026,0.08669855261977132,-0.06977032872015203
0.12627815782126262,0.08494434900302605,-0.06834696424677528
0.12347295280501352,0.0846244042841735,-0.0667803650178924
0.12069999152458338,0.08365955619791507,-0.06545504942540624
0.11728215552777413,0.08176021279344409,-0.0644668894134023
0.11410614754960705,0.08098918525993516,-0.06393135927599308
0.11192969538182759,0.08052358503487358,-0.06284884560146553
0.10944692772376809,0.08012274446620501,-0.06158877661821461
0.10657723523588103,0.07919022606884611,-0.060456866176793474
0.10473934229420061,0.07706377261332623,-0.059647249430908614
0.10211147782495575,0.07595369878626156,-0.05912802717658906
0.09959646643107725,0.07469842786941763,-0.05801226711401961
0.09780693909312525,0.07407126515293884,-0.05689771010804159
0.09537253703879414,0.07268694766525192,-0.05587863824455127
0.0925350882867261,0.07149645073031449,-0.05456918668620283
0.09053597666595088,0.07046642754777338,-0.05458261614715515
0.08918173976155475,0.06879095662831598,-0.0534513927318352
0.08710201880123215,0.06790610188452732,-0.05228798316928682
0.08492556663345265,0.0651511964163199,-0.05162260383749858
0.08213648348511307,0.0654438683525141,-0.051056119107659705
0.07992778758151466,0.06560704962694894,-0.050909203828613754
0.07873476935621328,0.06439896962173207,-0.05003648893119445
0.07725155750854135,0.06351358483394647,-0.04993765245907169
0.07596180807578314,0.062434565725086,-0.049613109759806324
0.07425289007737855,0.06340339630407835,-0.04874187059402999
0.0726245814185213,0.06406583976522347,-0.04735453106612488
0.07123810077830625,0.06255161617588764,-0.04648137215419906
0.06964203585526796,0.06205325649652365,-0.04581851388354521
0.06830392081878131,0.06323134187153026,-0.04494779028980027
0.06720763380093683,0.06182971349831902,-0.04492944840029777
0.06630480919800608,0.060411791351037164,-0.0445082173172963
0.0649344504257005,0.05876857849291217,-0.044328198440516504
0.0635157260496665,0.0581410862896244,-0.04384272362336496
0.06250004837136941,0.05918991021108663,-0.04331073103453048
0.0611296895990638,0.05846564382380185,-0.042970310032921455
0.06045257114686576,0.058482367363275466,-0.04277626053939135
0.06029135246777098,0.05801497644903492,-0.04184063356929266
0.05934016226111179,0.056242416184284785,-0.04130619129219157
0.058856506223827466,0.056339577157144584,-0.04157991942535483
0.05813102216790099,0.05701734025744707,-0.04091888015106262
0.0573249287724271,0.05600237885482149,-0.04101399289387602
0.05672841965977642,0.055422521654077316,-0.040851728687897576
0.05589008252848359,0.055407144712866264,-0.04002875450341148
0.05505174539719076,0.055859301941030025,-0.040334726512478346
0.05429401760544531,0.05695626225800577,-0.0408831711564544
0.05421340826589792,0.05626309356546542,-0.040221486979358484
0.05389097090770837,0.05656969556601413,-0.03931864817826403
0.05345568047415249,0.05750515069362648,-0.039496432988106664
0.05302039004059659,0.05737656253921329,-0.03915737254095966
0.052117565437665825,0.057441852239603367,-0.039092140499202385
0.05166615313620047,0.056555550618958186,-0.03892973298078238
0.051295350174282495,0.056136711540120655,-0.038703325026343674
0.05103740028773086,0.05610469701251662,-0.03952528253236492
0.0507794504011792,0.055298832825257646,-0.03962106835781515
0.05037640370344225,0.055025119208632296,-0.03929802948724852
0.04977989459079161,0.05478382123398712,-0.038797506890953126
0.04902216679904616,0.05439756970329089,-0.039006074361594485
0.049070532402774585,0.05442977046256956,-0.03945755827152451
0.04887706998786086,0.054236479953816995,-0.03948945827143095
0.04842565768639547,0.05451095282265424,-0.039537666472801145
0.04886094811995137,0.05467178471288635,-0.039618805684423386
0.04911889800650302,0.05402668078829235,-0.03937663375157921
0.04894155745949877,0.054026838368940094,-0.03956993865588744
0.04849014515803338,0.05452701738850997,-0.040166490923368006
0.048087098460296455,0.05415657256442779,-0.04037538774073357
0.04823219527148174,0.055059268237737616,-0.039489616106778085
0.048183829667753315,0.05705842283505308,-0.03865301238171289
0.047587320555102654,0.05717180595441646,-0.03905562954964367
0.0472648831969131,0.057301067407960884,-0.038684654808914316
0.04724876132900362,0.057542909752116476,-0.038910561523202436
0.046845714631266674,0.057833461512322874,-0.03908780195079965
0.04626532738652549,0.057592149212164226,-0.03931277772957672
0.046345936726072866,0.05762432132041601,-0.039715924674070285
0.045910646292516975,0.05807612041074402,-0.039087186323036205
0.04531413717986631,0.057415653870452395,-0.03923116597977076
0.04579779321715065,0.05733461476550208,-0.03953783941686215
0.0463943023298013,0.058462615475168525,-0.039120203445556036
0.046442667933529753,0.057769332178520774,-0.03879719304772671
0.0459751337641549,0.05667346060056574,-0.03832826948820607
0.04579779321715063,0.05743134597295897,-0.03790961671108551
0.04584615882087907,0.05770537475087977,-0.03728115035378205
0.0462653273865255,0.0583821207397286,-0.036975808832860765
0.04673286155590034,0.057688464979731506,-0.03757211720366639
0.046571642876805555,0.05625376199092242,-0.03723213981541251
0.04620083991488758,0.056270213345640786,-0.037602627762487045
0.045588208934327426,0.05717358231808189,-0.03823163871216285
0.04552372146268953,0.0587697045431739,-0.038023415378585446
0.045797793217150655,0.05939821385791518,-0.03791136442372418
0.045604330802236914,0.05947899510362381,-0.03786289861781139
0.04558820893432742,0.05984981239105516,-0.038540332237672476
0.045410868387323174,0.060736672706724164,-0.03894400932804272
0.045910646292516975,0.05996237895615291,-0.03905661867228875
0.045991255632064354,0.059236823272659236,-0.039072167487823564
0.0452496497082284,0.05843138885080317,-0.039054670663528954
0.0453947465194137,0.05852799112863918,-0.03934507911129362
0.0451851622365905,0.059140808340873964,-0.039974190180376304
0.04444355631275452,0.058238642711561074,-0.04024680102537166
0.044604774991849304,0.05759362474004768,-0.039762715159009525
0.04491109048212935,0.057948033649300984,-0.039344133818431645
0.04518516223659049,0.05954385503861089,-0.03874928635709183
0.04512067476495257,0.05986634969885421,-0.03878175932659547
0.04486272487840095,0.06026962560480602,-0.03895922890510043
0.045539843330599,0.05973700229222912,-0.03839509219045533
0.04595901189624541,0.05915624258413873,-0.03789517086457263
0.04568494014178429,0.059752995230517754,-0.037701995068174704
0.045346380915685276,0.06002736782076089,-0.03775030350356665
0.04513679663286205,0.059543898015151184,-0.038120490551184404
0.045620452670146396,0.059269396495287105,-0.038072310988106005
0.045991255632064375,0.060526572705417454,-0.03831558573715261
0.04578167134924118,0.05993024982444143,-0.03866955063826676
0.04621696178279706,0.06010720358258302,-0.038653972967945656
0.04578167134924116,0.061526314747479736,-0.038574237656639615
0.04516904036868103,0.06122054362671004,-0.037702840477226614
0.04504006542540519,0.0598986650622403,-0.03816908540133258
0.044830481142581986,0.0593668296529021,-0.03878105749105215
0.04520128410449997,0.059414865769821607,-0.03765289905428581
0.044604774991849304,0.05927029900263333,-0.03750714350507954
0.04428233763365976,0.05930282924872087,-0.037877688735105546
0.04421785016202185,0.05960920204105472,-0.03736200387017355
0.044153362690383925,0.06010903724830218,-0.037878290457609425
0.04397602214337969,0.05980287933866984,-0.038248663724166805
0.043637462917280656,0.059029330514797036,-0.03802196924672455
0.043153806879996336,0.05952953818539378,-0.038086471234900325
0.043540731709823775,0.05975490052380409,-0.03731316579193624
0.04329890369118162,0.057949466200644076,-0.03729522467933323
0.04255729776734566,0.058127465721266175,-0.03787511082400852
0.04325053808745318,0.05891682125175303,-0.03779581915789501
0.04331502555909109,0.058384742308686476,-0.037763159956716724
0.043266659955362656,0.05861049143595951,-0.03745700206618671
0.04292810072926363,0.059981151044047144,-0.037441797164854095
0.042250982277065585,0.059804412168606984,-0.03771510993453762
0.04205751986215183,0.05849871277410058,-0.037617046530741494
0.04250893216361722,0.058595042867181334,-0.03790772704227915
0.04267015084271201,0.058756118291141725,-0.03760169799859293
0.04275076018225939,0.058868899738940945,-0.03697311702444698
0.04357297544564274,0.058529609911656955,-0.03660274350319032
0.043331147427000574,0.05799780315334564,-0.0365698122382389
0.04323441621954372,0.057240161314680786,-0.036617418627960405
0.04291197886135415,0.05803041935251376,-0.03663395606310906
0.04218649480542766,0.0580149421327088,-0.03666554111184693
0.042250982277065585,0.057789178679922386,-0.03637520420887198
0.0425895415031646,0.05933657716345015,-0.03600607719830833
0.04276688205016886,0.05846583871569061,-0.035747511244636834
0.04220261667333714,0.057644124845277304,-0.03674583528373135
0.04221873854124663,0.056483336030281564,-0.036519112015177504
0.04210588546588027,0.05616099895068602,-0.03568038813959436
0.041622229428595926,0.057999321657769325,-0.03598790716402725
0.04134815767413483,0.058322002549687266,-0.03547205047571141
0.041122451523402145,0.05759671905094879,-0.034939183718550995
0.041364279542044316,0.057709357243613674,-0.03468154889778264
0.040880623504759996,0.05769366514110711,-0.03474559246952868
0.04031635812792828,0.05722663236470238,-0.03427714169015613
0.04026799252419984,0.0574040158882469,-0.03387420961562905
0.04001004263764819,0.05717853894572911,-0.034018876763291225
0.039526386600363866,0.05672755640966672,-0.0331958308111533
0.03922007111008379,0.055486444765392134,-0.03243672789110063
0.03894599935562266,0.05516425094093092,-0.03248456355907933
0.038994364959351116,0.05542215785094221,-0.03275890747919321
0.038994364959351116,0.0545515769838305,-0.03243569654327831
0.03889763375189424,0.05508368457792379,-0.032403839634526976
0.039526386600363866,0.05551841631645588,-0.03224356619098674
0.03888151188398476,0.055341648789988915,-0.03225895771241059
0.03773685926241185,0.055455518976808844,-0.032306406935370784
0.03843009958251938,0.05447146903725317,-0.03164515221803867
