ii_sum,vx_sum,vy_sum,vz_sum
1.902666476705977,0.07303576545099613,0.041196448888595735,-0.03267212468711213
1.8961973416661886,0.07239169115502951,0.04197167163262703,-0.03234900248046257
1.8692413093317026,0.07160486335753988,0.041894906572485645,-0.03195816345649145
1.8282755083787996,0.0712570446544157,0.040773550314639036,-0.03165979574880357
1.840791272372629,0.0710155327903908,0.04196709943717181,-0.031273400345338334
1.8352901626881666,0.07027613118089732,0.041873230537085936,-0.03149615950911158
1.7897992710426214,0.0692046032891444,0.03988371213796229,-0.03138806298888036
1.7718236978195498,0.06806262493493141,0.039161918270141274,-0.03227043253048843
1.737860560721275,0.0671156948550698,0.038538268856272664,-0.032039066523296515
1.7138756621811357,0.06649299124979181,0.037996730592140586,-0.030887324531227642
1.6933821035226901,0.06575105535523962,0.03740055062884796,-0.03128951218205732
1.6938596768820655,0.06497745073202123,0.03690170527648375,-0.031288135952202756
1.6873616759327132,0.06452912839884743,0.037324363549428426,-0.03083360796044438
1.6488952085966968,0.06434049638689178,0.036620001518347094,-0.030376567408039446
1.627412308218941,0.06371450333860505,0.034785425842960384,-0.03071017773655549
1.6009485042440694,0.06342845492691425,0.03388700246340165,-0.03057600130231478
1.6069467272882278,0.06302774174056266,0.034276617904550985,-0.030089999663115742
1.6259360672310117,0.06270228926357041,0.034483474922363914,-0.030205765018996928
1.6149409533167487,0.06248147527503768,0.034391834256627694,-0.0293461317918009
1.5754656042610977,0.06187414833718527,0.03404299921252419,-0.02916263263786762
1.5335077970433852,0.06152182257973146,0.03386832811275808,-0.029304903611859695
1.530522008248799,0.06113785918336216,0.03395224138002396,-0.028963113556488385
1.514036442832065,0.06060901233032799,0.033214281572539944,-0.0290071756939404
1.50953844168532,0.06057583834668992,0.033342355332909655,-0.029443481513359418
1.5160346662710071,0.06030163903797302,0.03310064335104364,-0.029298053833640623
1.4625921813249152,0.059341387218062785,0.03214124791643998,-0.0290635750396765
1.4505944029638485,0.05892198969891022,0.03231873207516849,-0.02866054237453668
1.4545708657504974,0.058873469055138995,0.03177047657277978,-0.02841833923097173
1.440084411954538,0.058617720140024865,0.031224762262928626,-0.028592764593906504
1.4165815276829385,0.058798963790267236,0.030938312424839867,-0.02865325209028259
1.3861057336481084,0.05868669275688945,0.03130979744628851,-0.029184921464195605
1.3661172819858574,0.058122782499736673,0.030327219857280967,-0.02902197295734998
1.3605992968465728,0.05730353022982405,0.029089528304839945,-0.0288398387120294
1.3625992966491798,0.05694794950019376,0.02886323808092742,-0.02932387800424525
1.33210618306861,0.05724190150616443,0.02847981210082936,-0.029062087015650998
1.303640158836549,0.05716459327357689,0.0284025740249395,-0.028574989589844606
1.2786987813049135,0.05673115791064235,0.028259718245485,-0.028604864363983674
1.2866956718789286,0.056599036155475756,0.029111146437741847,-0.028818237356069146
1.2941603659108574,0.05685398377148068,0.029172403767776477,-0.028273379851769264
1.3171346063676994,0.05701460543996522,0.02875249520380708,-0.028257625187739294
1.344614841607781,0.056919252843781507,0.02851213113822804,-0.028384921944746778
1.3186592532655141,0.05634138028001835,0.02798313877601724,-0.028187958858973395
1.3206756844320264,0.056051100653636485,0.02864430725374261,-0.02826898372754313
1.319156810716126,0.056262816706305695,0.02917827348417419,-0.027816100444575623
1.294181238183926,0.05597296370619118,0.02909826247331586,-0.02857315854748703
1.2797116598427902,0.05613702612006491,0.028552818176923882,-0.028005708094104055
1.2691981161061476,0.056427276344069514,0.027021039442447613,-0.02773047660979603
1.2577014479230257,0.055926853230447916,0.026924107404019466,-0.028875244020111542
1.2337298721103782,0.05547891268133701,0.027637340911488447,-0.028807517277175808
1.220738755211753,0.055673932228247625,0.026913241387351104,-0.028402442017179848
1.2077538555859606,0.05576928738413809,0.026299149013427763,-0.02838723652363467
1.2132278757245234,0.05568815063670558,0.026669496430617605,-0.02783987784249829
1.2172487476028098,0.055706890596940714,0.026962292654556488,-0.02749897503294696
1.1797782833498478,0.0552263756790707,0.026546693572905202,-0.02849459048783158
1.1417924980096192,0.05495550419900126,0.025663433219707547,-0.028699946020131494
1.1447862804407036,0.05532469205829304,0.025355173859511568,-0.029007932329603015
1.1807387591595964,0.05556379503414642,0.025126528999450923,-0.02976839696181912
1.1927467516117365,0.055000133525648094,0.02557904629478049,-0.0297354498368139
1.207735647858389,0.05472643601740816,0.02670819466283271,-0.029252179244889435
1.2352181035530507,0.05488675753142765,0.026755520247488587,-0.028624508927223322
1.2477058898191502,0.05470831714181197,0.02757679373919676,-0.02870679021938625
1.27267036007844,0.05461116152394948,0.027705430416156633,-0.028529902390003463
1.2846730234395858,0.05465982874028388,0.027737932654321493,-0.0288682318794011
1.26419545205413,0.05430620318155897,0.028448665067735822,-0.029173808078139043
1.2747063312452727,0.053740996147686515,0.028835150053739787,-0.02960988197045732
1.303198112750485,0.0541063374416934,0.02861977704855444,-0.030147503523353728
1.2817010014634056,0.05420390891967751,0.027346903425482808,-0.030403568090029715
1.2262567403510392,0.053581185914063356,0.026885955106945518,-0.030428813470486867
1.2247480807262132,0.05412515211015204,0.026494367756124546,-0.030336398895913816
1.2607218758090901,0.05375275243989419,0.027508778926029317,-0.029887155043503952
1.2137760595396014,0.05364455580465394,0.026981511927969524,-0.029511126817022306
1.1782860550889298,0.05434090987299677,0.02509774974562722,-0.02949083361525947
1.1967791698538481,0.05413029849579752,0.02566117471820568,-0.02891178779207288
1.2102807228396584,0.05391433499906971,0.026477199839241124,-0.02943460555161028
1.215789382069701,0.053189438938675615,0.026252726071077204,-0.030561703913121893
1.1803340167105043,0.05312935246117612,0.025563942086002715,-0.0302664399452637
1.1853242462168643,0.05304940232446328,0.026145059868239017,-0.03000827556444439
1.227789824976264,0.05296655346229259,0.02717469251906022,-0.029898505249494146
1.2467880467373738,0.052819214154914064,0.027220945555897855,-0.03015860973710612
1.2497884905322019,0.05230580567123933,0.02706267547472015,-0.030042666120387803
1.2327787222098765,0.05245459190639996,0.026566456421080662,-0.029216449500022633
1.250770726796853,0.05214923842864457,0.026938493153650246,-0.02931227697124773
1.2482745018163808,0.05161924844445037,0.027166702798965985,-0.02921324394069986
1.2807329761080806,0.05145503044292357,0.028308500690390818,-0.028830189679003734
1.3151967792933836,0.05114843612148825,0.029372537453344758,-0.02939540705245046
1.2942394140939697,0.05057149438498055,0.02956995956042839,-0.029423864766033238
1.2857551801604177,0.05005901273618834,0.02933200656070946,-0.028952242420607423
1.2408044786934564,0.04983938039179572,0.02833872240770172,-0.029009572848317868
1.2133544416356894,0.04947189221287669,0.027697490483895693,-0.029456770960355122
1.214830238532702,0.04889501255396639,0.027427440473715394,-0.029371898132059523
1.238299815985576,0.04908850648523124,0.027604640618164283,-0.028630590127763457
1.2567876016594977,0.04932847693723742,0.027634812732407834,-0.02848759266590859
1.2183637670514527,0.04818763876607326,0.028687564008295464,-0.028757767869147768
1.1804121767117848,0.047516509542499565,0.028694152240537115,-0.0287995481760084
1.1683855324411563,0.04785918841005603,0.027311488572170483,-0.02850430728774013
1.1768839772840303,0.04750506759019089,0.027135023212268388,-0.02801961887112773
1.2008688758241708,0.04723029973724764,0.02715069282741657,-0.02785886656656489
1.217355329422737,0.04700463905271018,0.027231548171236665,-0.02795542350557245
1.2393531067968417,0.04693673409350613,0.027453895658272765,-0.027846128154748594
1.2518453339721047,0.04709862722422851,0.02732545161221391,-0.0271844863047374
1.2358555496423191,0.04658733348510914,0.027120929729486827,-0.027163118059129885
1.224371760095772,0.04675261310915495,0.027721354723602567,-0.027175855834243645
1.2023979636311497,0.046451688085842234,0.026872555975601495,-0.027379023135151413
1.2163992945221522,0.04592104231811536,0.0275192786959273,-0.02739387084106052
1.257368648202388,0.04621238576378488,0.028600335300505837,-0.026797430477966212
1.241910172232856,0.04553968610785409,0.02734784810386196,-0.02685578429422676
1.239419276343383,0.04460803812838442,0.027722900783015716,-0.02601352882364183
1.2493841921740276,0.04465623484410344,0.026755376920298127,-0.025351884401194406
1.2339075084769262,0.044368286016589806,0.026080760122514347,-0.02536490405742214
1.2239137267367166,0.04372612908532776,0.02643873081236295,-0.024910518785923166
1.264361542056854,0.04361022060801653,0.027129017371735127,-0.024623893603327368
1.2588613205542238,0.04314596317983802,0.027874314018508647,-0.02358906395060379
1.222908397744415,0.04210657958582885,0.02683585778151463,-0.022724212831142006
1.22342016610435,0.041848772903478416,0.027432739242907452,-0.022595395748674713
1.1974281623069438,0.04222226047222991,0.02674185284575495,-0.02241508633225094
1.184431716317321,0.04208201149680303,0.02561829669890853,-0.022247892476263596
1.1719483709603862,0.041470310191011925,0.025829354612129308,-0.022423946280390166
1.1589781263348296,0.04097620968966907,0.02588383918275246,-0.02170851082727749
1.1659723524620467,0.04027144332984608,0.02595355076121384,-0.0210907153660757
1.2044326025252319,0.04004514331400712,0.026904347927367192,-0.02086624728287694
1.2259155029029882,0.03964353044744212,0.027647745183454607,-0.020413703418721306
1.224906621183358,0.03906654921735288,0.026571500251197654,-0.020328215796780246
1.2094379311227494,0.0394399811969051,0.02615463004477459,-0.01943884326433262
1.1909870049948865,0.0388950963596369,0.025835936973927227,-0.019257473587976384
1.2064890018742203,0.038267420274255004,0.025773084482832984,-0.019594341257378352
1.205507653791404,0.03807483165199489,0.026547979452887407,-0.019303790414077655
1.199991889106702,0.037306347240310525,0.02603813016460225,-0.018958724980162604
1.1974707950349157,0.03698813203714999,0.025123690480655658,-0.01840526013583172
1.1695018841625493,0.03660573796520201,0.025096319296568043,-0.01778773012379776
1.1575165403471428,0.03635084650509651,0.0251157274365108,-0.017397534811954093
1.1694783473439812,0.036253547065405976,0.02497014860085905,-0.01749461889777684
1.1764801230167738,0.035785142560916576,0.025517837602966234,-0.017882485098124675
1.1550287530940808,0.03512851987339217,0.025297090746620027,-0.017699986909035823
1.120579604909019,0.03446031095329057,0.02408133602224911,-0.01718961726240825
1.108075831369929,0.034528288985463604,0.02395579278379677,-0.01712158501002419
1.1260252032289348,0.034399546803402015,0.025100792668798454,-0.016445136558685187
1.1300456310163052,0.033709325734569175,0.02502381723407004,-0.01621572649289894
1.1365587310568135,0.033405571849590775,0.024897674941074855,-0.016470730385818963
1.1550562867308956,0.033019994681373295,0.025753824815660655,-0.016292458967011512
1.1580434077982313,0.032989812794312304,0.025385111436608883,-0.016177187751622378
1.1430522910970007,0.032831796847427965,0.025533552808834244,-0.015255027139338994
1.1290829347519735,0.03206215185269443,0.025216005868185,-0.014556612069083255
1.131581380187028,0.03158246078615337,0.025623445538278444,-0.01513296643411533
1.1315978115509324,0.031196695692541625,0.026044117136698387,-0.015244689608640746
1.1246302308787004,0.031198096116243162,0.0260132732005763,-0.014211462235713379
1.1436124653668218,0.03130972127897472,0.026366626650948702,-0.014116373241025
1.163571607028595,0.03111454628449182,0.026332843005803314,-0.014246858754931778
1.1416004751094722,0.03065055834766343,0.025982122005109996,-0.01485521624465526
1.1026444439593344,0.029691068396970294,0.025007366234329045,-0.014829546213754354
1.0846595448270213,0.02884114325022468,0.024432270075778844,-0.014227232652378866
1.0736568813671783,0.02830846248278197,0.02388394047527573,-0.014355906537000024
1.0427052903366416,0.02774798350385061,0.023549667352687043,-0.014061127885553986
1.0597026241133096,0.027699606669181552,0.023372358557642102,-0.014270522848514119
1.0531841949818062,0.02808730373319489,0.022744033787193536,-0.013914855172482738
0.9742832350531421,0.02698556982942737,0.02236876764332829,-0.013612664247620932
0.9423129923028105,0.02647392883958223,0.022792651511175207,-0.013334251755549965
0.9807465969110161,0.02664721345277877,0.023272095842339097,-0.013226038273335962
1.003741709640928,0.025567237877416674,0.023144270200249437,-0.013498846631912696
0.9672770184711854,0.02508795448887706,0.022907242647329656,-0.012526521348364149
0.9577790178179196,0.024848787730124625,0.022797264530208312,-0.012636400466747764
0.9533081062170746,0.024564044232723205,0.02246441086232256,-0.012372446726808137
0.9498176545172112,0.02451829658123681,0.0221929988714005,-0.012353422745974486
0.9523169881340957,0.02391991454492714,0.022901019013889835,-0.01300026923193698
0.9443320880148232,0.024084651544146938,0.02258195515430061,-0.012787026442956942
0.9463289791810159,0.02392739681700055,0.02255381686177624,-0.012976356591009047
0.9433338644771841,0.02333164554298742,0.02319997912331588,-0.012653205281266216
0.9438438564734548,0.02289855967210627,0.022380354230880153,-0.012940079084014674
0.9298696151283486,0.022739227293454446,0.021640777022124684,-0.012937392299485505
0.9138864921623071,0.022771639204122132,0.021092772960624284,-0.012259647396072434
0.9243640645347216,0.023077484111009308,0.02186588006225133,-0.012083736700639348
0.9173840493168289,0.022644610346624957,0.02227172914192655,-0.011839465685910095
0.9278727239621555,0.022401397681584896,0.021432222864572786,-0.011727036307785453
0.9368536271644863,0.02286797540356316,0.021446973271809264,-0.011680055878975
0.8918962643337784,0.021843423502553343,0.020761894201476998,-0.011816379079098887
0.8599384561291081,0.021058010543403394,0.019928815557554862,-0.011294478235129054
0.8634351251017984,0.021493801917834076,0.019590370260605845,-0.011197332313679823
0.8499198052975796,0.0217871848574346,0.020076956335937556,-0.011339930157543511
0.831943343892675,0.021647049938526723,0.020275507363250473,-0.010915847152460299
0.8444404560680194,0.021308993722719848,0.02008284857154366,-0.010592434621487554
0.8429500041707672,0.021322483255580647,0.020708955931063817,-0.010740734438668279
0.8299828681816261,0.021050812609502582,0.021179133672825857,-0.010802994955776895
0.827972210197023,0.02092550038124085,0.020715375192502238,-0.010299027602649467
0.8099824260646291,0.0210401965703798,0.019572464584713598,-0.010231781782593007
0.8239699901372248,0.021266090156216975,0.020507519718596913,-0.009732847955683048
0.8329739860672086,0.020896147540132668,0.02081502465946766,-0.00916766584151999
0.8359655480437097,0.0204146253293896,0.021156146528755065,-0.009294380117168757
0.8444471174317648,0.020400809219639052,0.02123907492680732,-0.009630692943864054
0.8209828690698877,0.020370678184441333,0.019612906677228845,-0.009643228480738779
0.8035048532974289,0.02000047371038052,0.020178099761301856,-0.009916874334804246
0.7630681402502024,0.019021612006000995,0.01989335019578378,-0.009798321769319196
0.7795656961216768,0.0192769741067852,0.019277903373745083,-0.009429789024988736
0.8070352731797641,0.019244349198168326,0.019084088608966498,-0.009865259743079332
0.8105248366977933,0.01853893717781602,0.019459470303717932,-0.009441843968997107
0.8100206178834348,0.01866915619304043,0.018702871425845414,-0.009585139070205256
0.7615834615348598,0.018287030708267506,0.016821753898372472,-0.009529958655722724
0.7436127733118683,0.018738324336845868,0.01725652459561698,-0.00862804034872326
0.7346323142004527,0.0186265001451088,0.018192721638137715,-0.008982424121763068
0.7666083301326962,0.019252639116482624,0.018882790551356565,-0.008567041546524065
0.7835821270907972,0.01957464940267866,0.018865955292200264,-0.007842256237967167
0.7715812400933182,0.019077230406138648,0.01809490758148975,-0.008016108459397295
0.7900548148579177,0.01955940255631241,0.01793177591208527,-0.007824414926433555
0.7910588115774693,0.019386655315998574,0.018452424528571768,-0.008045832764206395
0.7810845698375787,0.018711824571518938,0.01855204409652361,-0.008478322076567228
0.760144524183904,0.017923579344142498,0.019860342877091385,-0.00838032483824749
0.7651285364174362,0.01811792962886631,0.020360836351147896,-0.007960885113030707
0.792570579838709,0.018565183998726018,0.01917938280068667,-0.007545225946776934
0.807539491994123,0.01917652894955992,0.01922591857824231,-0.0075148541986446195
0.8120294995043731,0.019065478959529633,0.019695355309245006,-0.007690708470783783
0.7905590336722752,0.018827382621909337,0.019570325267795636,-0.008170306759539107
0.7610859040842484,0.01899088604149848,0.018766372338901913,-0.008360913387302597
0.7366283171848134,0.018540471024528115,0.01855818600924211,-0.007875673789174975
0.7256407528161273,0.018316223045267487,0.01815679739068931,-0.007438367877218084
0.7646012248754253,0.01816686860968992,0.018845910913508856,-0.007346377623956664
0.7565918997557513,0.01821786564429537,0.01844545149849875,-0.0073111896200799
0.7281294282510192,0.018351756771682284,0.017805376171734052,-0.0070639913307291285
0.7586176568315083,0.018301292289823988,0.018399830318798566,-0.007469622121151683
0.7735932303506681,0.01805872375074686,0.017722186559965228,-0.0074534236527294155
0.7800770203906944,0.017946116163902893,0.01835128506729791,-0.007195686955164894
0.8130321639511753,0.01797609057356106,0.018881009743531102,-0.007923939692675188
0.8330099574314349,0.01837677878287829,0.01881380669625996,-0.007942718624357822
0.7785563703111297,0.0180429760271691,0.01728728443069277,-0.007678354882245687
0.7436061119481239,0.0177881250921694,0.017258367472920828,-0.007046248088296845
0.7665972278597862,0.018141249983821783,0.018078712066696045,-0.006726411166774999
0.7835843475453789,0.018334300480033452,0.01740100997428241,-0.00701658649674102
0.8070761295440702,0.0186085755551364,0.01886805965180426,-0.006485908760599115
0.8090832348013408,0.01825302233039497,0.01983481514534976,-0.006745274510651111
0.7916132126653775,0.017929995238387307,0.01939922174932019,-0.007132115380362707
0.760612771634034,0.01848086613329448,0.018933926682302732,-0.006645805800503537
0.7615883465349389,0.018450827119315297,0.018823305999209602,-0.006353280500592654
0.7586176568315075,0.01763118772308755,0.018746001981861694,-0.006720707983624893
0.764094341515571,0.018032475120668075,0.018405326100964542,-0.006609669784895171
0.7745470447966699,0.01870772158518896,0.018209390860937213,-0.006869919488839698
0.7555847943997857,0.01834066361101551,0.01861651036496536,-0.0067211098239086985
0.7311076675000309,0.01832612517655423,0.018859935435794437,-0.006590753424286498
0.6951525242356409,0.017877597485172286,0.017380008026373586,-0.006715127446568953
0.6956562989590821,0.01784566887244714,0.01662262386866448,-0.006955938684862705
0.7436101087663696,0.01769690287811413,0.0178927128163993,-0.007299166664537294
0.7620956739857112,0.01729335863333405,0.01845683900687571,-0.006977369822009882
0.7785754662205336,0.01735744755029113,0.017811508612043166,-0.0070578616157235844
0.786605663613278,0.017228515176048696,0.01829532180336786,-0.0070903780329452494
0.7841121031783045,0.017358090491930742,0.01924699751109445,-0.006558716312648275
0.7916149890290409,0.01775992132938331,0.019745201959400577,-0.006109320858568567
0.7786371948579089,0.018159860848881246,0.019822347364619432,-0.006580389048907466
0.7781200974069773,0.0183228694976223,0.019227484170544804,-0.006449238875318775
0.8130774612246446,0.018241651840107172,0.01925919148974362,-0.006369194361478653
0.8235532572333941,0.01781950986507442,0.019304957471858845,-0.007290782271606457
0.7935821261038388,0.018206342896529542,0.018820865862101546,-0.0068716193219864495
0.7636105508833668,0.018384065278548283,0.01838579951100516,-0.006564693062247109
0.7551165469496527,0.01828936405327575,0.018081599051815733,-0.00664291612832544
0.7501227647159616,0.018596679706106567,0.018678835696543435,-0.006449256550066602
0.7466172139249436,0.01856406372980118,0.01827544557490163,-0.006271901136311868
0.7570996712974403,0.01812827462216413,0.016969462611870052,-0.006383705456522876
0.7795958943039895,0.018014580709567317,0.017129941107999196,-0.00630397922397894
0.7720916761805058,0.018547615533311544,0.01704987175715591,-0.005819711812378725
0.7650752455074719,0.018532424040569182,0.017163669119316584,-0.00539969965878504
0.7445998945765981,0.01851910322380537,0.017279336323330535,-0.004461918724357129
0.743091234951773,0.01860231522858146,0.01720125686256873,-0.004620537024134907
0.7780801292245019,0.017969018506539196,0.018229073255062393,-0.005753965987873023
0.7636043336105373,0.018050111500605006,0.017923169575248494,-0.004850457574366963
0.7740694714372947,0.018661713482909934,0.01776037798683865,-0.004497205434125696
0.7695772434724619,0.018161335096877868,0.017824709335988738,-0.004900465486362798
0.7815870122882715,0.017839686234096905,0.017696809048176325,-0.005092739119269032
0.8015634734957815,0.018159893963443658,0.017549197091194433,-0.005643267723705266
0.7970459323487173,0.018242006125621407,0.017792455636314822,-0.004835959321201228
0.7900756871309855,0.018388016815185235,0.01838974929021245,-0.0047067302308772254
0.7775990031377967,0.017972036968251434,0.017651703128501943,-0.004718634948530898
0.7786007794027667,0.017842375247204337,0.01795744675075611,-0.0045098944637912974
0.7836034434547828,0.01796952004596892,0.018213452703721277,-0.004770016626174346
0.8195559221736749,0.017918813845087554,0.018243399863172114,-0.005804140374638073
0.8305372692695303,0.017965135236621396,0.0187894570938999,-0.006596684318213146
0.806082791006512,0.01729283540248478,0.018440194143695694,-0.006204028596536081
0.7841245377239621,0.016728652826878906,0.017715294243771888,-0.006976649713137957
0.8125648046828755,0.01688701512666378,0.018776339164827852,-0.0072224202394909325
0.8260539231230289,0.01683826596872912,0.018969461173989628,-0.00681988570085707
0.8135856768572481,0.016581844652303453,0.018568171573283394,-0.007398158493919412
0.8340676891518667,0.016965767988417212,0.02025762373489938,-0.00729015207636982
0.8465519226906363,0.017398070266820383,0.019964056499305542,-0.006954707101541434
0.8755310475553825,0.017508824177518513,0.019188008332392127,-0.007294776229681425
0.9010090625382715,0.017971697742482383,0.019650468533246566,-0.0075420913963019105
0.9094972932900742,0.01810017285280628,0.019553123111588074,-0.007300791364983962
0.9154844140613219,0.018019535632681792,0.020262529059326604,-0.007220768607412264
0.9144750882507734,0.01777777995475755,0.02056913174118677,-0.00812357833086992
0.9289659829558972,0.017936439811119517,0.020856624425459065,-0.009206701074704364
0.9694368910036842,0.018094688493760426,0.022997720930244568,-0.009066620095897293
0.9969326694258386,0.017949024590125078,0.023964595096669462,-0.00885833305464817
1.0269091296463908,0.018443684747965122,0.024587788386405445,-0.009348104868767592
1.066867381152411,0.018746027844262967,0.024873739200174813,-0.009723406607415523
1.0633822585435455,0.01893621305953559,0.025192728910713107,-0.010001210985238094
1.0624022427334796,0.018645760546407434,0.02709510840713419,-0.009503124407522417
1.0993556095355077,0.01917488297165429,0.02712398147782067,-0.00923245046652145
1.1592876577035411,0.020262195490173853,0.02833929880343489,-0.009985085333174975
1.190751017094018,0.0205326383637121,0.02893193711875278,-0.01044089675040956
1.2157483500811164,0.02089897837485342,0.029297949629726885,-0.011107011139361318
1.2677292490395187,0.021166346815429,0.030161586635541946,-0.011856331407663387
1.279705266945684,0.021098269829080515,0.030883540077037946,-0.012473136078005712
1.3206706238076704,0.021431469824410427,0.03363472181078598,-0.014045062085305463
1.4095733591130386,0.022629292643486284,0.03505718141007004,-0.014510130481596785
1.4799829796534882,0.02352125462555581,0.03544856809742618,-0.014876824528023835
1.5708963729434586,0.024252759071865318,0.03592146818531614,-0.016290607956305457
1.661801328506017,0.025645745259675865,0.03742606541408246,-0.016222198730529363
1.7227506961210932,0.026718951433235574,0.03993316112311045,-0.01634519874330467
1.7737236015416977,0.027372157696569747,0.041794923603848316,-0.017000105684702508
1.850653871668234,0.028360822763580654,0.04341145818946431,-0.018141852141725288
1.9105841434726019,0.030075656321072012,0.0446411074260702,-0.018283659514314796
1.9750386177877801,0.030970120753484997,0.046582694768780825,-0.01855249738082586
2.0469853197717023,0.03171875923803722,0.04831409794635177,-0.01887011423427728
2.1009213653501613,0.032566315423144206,0.04883846059651487,-0.019490873534705012
2.1843265436983983,0.032912968743335526,0.050264967483816446,-0.020919208519532856
2.2442612564119315,0.033726837696884976,0.051368303177118255,-0.021429044034307922
2.2767543697951047,0.03418871099106423,0.05281319749538689,-0.022016791662691274
2.335231937430113,0.0347761419765368,0.054480267630111816,-0.022559903006060793
2.4091768628529775,0.03576403249797578,0.05648295284383041,-0.022993404945266645
2.4806060232950498,0.036335959586490836,0.05900511400041175,-0.02323032830809328
2.541072488459756,0.036859190979590575,0.0597697045861716,-0.02417533921930558
2.5585576096868743,0.03728821933758592,0.06018222707633049,-0.025230276211407745
2.613980998526173,0.03845724042060388,0.062204664904512624,-0.025676285214809278
2.6864190406878774,0.039383462954047245,0.06408125070626032,-0.026106798298461666
2.7214074908696912,0.03976381110097477,0.06494491400716691,-0.026420801850842997
2.779864630322544,0.040785058348379935,0.06511079012167176,-0.026496906228959102
2.8677753593631046,0.04163143115740323,0.06679474441371817,-0.02684580753100989
2.9092480436758614,0.04177595974270277,0.06901886528440256,-0.026880724776517522
2.9512280554393926,0.04179356078700642,0.07027783517635754,-0.026396722583763407
3.0191325691810444,0.04299406984298288,0.0717513454191977,-0.026311006604914377
3.039083273115408,0.04429464977091379,0.07197060218655442,-0.026285409937949936
3.077057956182724,0.04476068524372322,0.07282314771787149,-0.025852791371267222
3.13052353385647,0.04554615602068017,0.07433340260632582,-0.025649752064013605
3.142008211584849,0.04601331851625362,0.07417139697909071,-0.025585907935174453
3.1339806787376023,0.04725671588156595,0.07257624162999436,-0.024535659128793772
3.171923831349858,0.0478368500107637,0.07431663464478765,-0.023812490603924097
3.199881639949315,0.04833843355460842,0.07539816054014445,-0.02310272808480553
3.184361879433324,0.04926158051328631,0.07417628064057426,-0.021808509360545947
3.2452934834117464,0.04988709214836016,0.07657464049605414,-0.020879372292615987
3.3292179796654984,0.051174403347814215,0.07802202542233166,-0.01956225000762657
3.379176230184557,0.05227070775385742,0.079214086894535,-0.01837124819681286
3.4296347026997296,0.05378419112198571,0.08096805256173739,-0.017166986042261394
3.4670554287700552,0.05579549260801794,0.08054316305529512,-0.016866016482461346
3.5030047988525332,0.0568095292578846,0.08084693574203985,-0.016594758582901194
3.5239905858705924,0.057696689836234376,0.08144311459101657,-0.0157411597449213
3.546946618599864,0.05858126145083872,0.08137570904446677,-0.015099144502447249
3.5474406233231472,0.05877463668374554,0.08026304110875088,-0.01435680905353013
3.61086090273646,0.060155831707362974,0.0818042251732388,-0.0138971624847398
3.6977640823301368,0.06163127067321221,0.0852935831443966,-0.013619160814325234
3.6982554225079176,0.06201930889430968,0.08587473947142685,-0.013393201643624116
3.704743653457112,0.062456415719920125,0.0863437024353256,-0.01276343607726434
3.7362292173934035,0.062813759952177,0.08736172690621884,-0.011891411969173057
3.786674367181082,0.06317059228002511,0.08900799255039021,-0.01108494547371953
3.814146608784671,0.0634898555315375,0.0906489638737767,-0.010364380282631471
3.805155047400345,0.06363549332474715,0.09013347591111907,-0.009831488599392259
3.8171124134880206,0.06413648869478719,0.08956998336697554,-0.009217583737023109
3.8490475730559592,0.06473589301923033,0.08920154428660725,-0.008521651099205378
3.84252337074254,0.0650635812568713,0.08867448467791846,-0.00733932217705109
3.7805366995891845,0.0650720852937762,0.0874416010971801,-0.006007729484250987
3.7210822247805244,0.06431098795558997,0.08618140779870032,-0.00470342005493165
3.6761053219494992,0.06475299529627668,0.08470452307661143,-0.0039702937469410365
3.619635303662677,0.06535742102337794,0.08200343231072735,-0.003235023253787971
3.5931586210512307,0.06541117682027352,0.08152512108954917,-0.002439279526126794
3.580673055239714,0.06554570033328098,0.08162728379206301,-0.0011603088389231537
3.5551928198022407,0.06574643947100818,0.08021566099165961,-0.00026524704769269683
3.5176664000938183,0.06727952711730188,0.07870035400434941,0.00041336652892652457
3.477167070227381,0.0677668257624665,0.07686567228145973,0.001224302819065734
3.419198162315896,0.06779195235346927,0.07524635000870918,0.0013153414164818608
3.338720596852205,0.06895765232231531,0.07296093661121818,0.0013535094825882726
3.259253245380889,0.06917201965714045,0.07011196067850028,0.0011671753205289492
3.197788556678546,0.06869429251552525,0.06876407979270713,0.001013513169680126
3.171750367425836,0.0691155763032664,0.06747607217631477,0.001500056287582478
3.1362679125207418,0.06955482421946742,0.06567399190046533,0.00231132147872988
3.0938618419441335,0.06840096651302756,0.06534337781255306,0.003093413572080972
3.0409075885394077,0.06733076667878429,0.06395169599142396,0.004072887788607174
2.9989413435942867,0.06683785025392588,0.06273373654519353,0.004742272373060899
2.934510406097676,0.06544267859178797,0.061855707664778596,0.005654554868826525
2.834593460968639,0.06432579428706377,0.05938558405216431,0.006539980275309464
2.7541487582327573,0.06346507518420032,0.05683283800301737,0.007455708845990493
2.681216711347772,0.062328639140552304,0.055503952994653355,0.008352826513412898
2.6262722281406004,0.06125506249029151,0.05447969882214686,0.008586991508718318
2.5423379618866875,0.05971761120197211,0.051557137577468826,0.0087463091014964
2.442954101481572,0.05776257590213302,0.04965221032178765,0.008374657984287371
2.3445906691599125,0.05535574337127838,0.047876274366128686,0.008567173990178947
2.247695484189691,0.053641908078876234,0.04537399538405483,0.008614379244547056
2.1718016294195994,0.051507863233929384,0.04478955062447522,0.008240043437695518
2.0629415288161232,0.048729797657395026,0.04296514865916273,0.007642530531213585
1.9930125902714642,0.047349360930874704,0.04118289453565578,0.007103247127727229
1.9425883127568542,0.04662967827369262,0.04035100086604953,0.0068202390220505425
1.860211112037652,0.04468597575984683,0.039731021768787476,0.0058944992199580675
1.8043079293844004,0.04274169119127962,0.03896536406667095,0.0057099127387031925
1.7503878710789291,0.04094214584365214,0.036828861231567214,0.005235864159529569
1.6579946840736992,0.038713772332299855,0.033957598653245845,0.0056398985517137476
1.548101276750191,0.03620156883257885,0.031044589130927443,0.006469760197696002
1.4496903267004804,0.033858210195828346,0.029557776370134133,0.005516295772818795
1.4012376271698328,0.03245932408175795,0.02853093788212782,0.005554415190208651
1.3652780429962748,0.03135199110023874,0.027859881534157187,0.006093097907228165
1.2963690884441585,0.02971750988268027,0.02685560993571849,0.005782964055051783
1.21846679614405,0.0280816958575219,0.024044356915998478,0.005569834244596653
1.1380407452266554,0.026767533528650567,0.022247709752610777,0.005354730582385367
1.0790727255956998,0.025951520899350572,0.021287328149855917,0.005249664421450541
1.0101153651336967,0.02514869492318246,0.018518349106283746,0.0051271339268556
0.9451397965493393,0.024140436293219363,0.01662428694395704,0.0051532607505105025
0.8986546781844013,0.02346774960654417,0.01625851544522785,0.005239228798728243
0.8192645985325352,0.022667438222209423,0.015168724135414603,0.0053595488198953265
0.7893125633123844,0.022056962383954666,0.014832863459662117,0.005572131285417494
0.7778052369472699,0.021800871936057824,0.013738664260919863,0.006042726479162312
0.7258634179895063,0.02061461523089535,0.012472855292417739,0.006051673308098168
0.6779140490913815,0.019429474336639083,0.012191595580637316,0.006109226702025007
0.6144906610416541,0.018022931846749364,0.010673455235517009,0.0068011371989078135
0.5695981354847355,0.016221339956467157,0.010066484219707754,0.006484901653494596
0.5101800761312201,0.014921756096847316,0.009735369999590685,0.006508766045756439
0.45524580701512396,0.013799686021181128,0.009404271359361472,0.006081233710068959
0.43376246254645207,0.01262788273339992,0.009055726830633474,0.0056362704035471094
0.39028933434016955,0.011681565275863112,0.007271915275811965,0.005111552130696387
0.369831747045952,0.011486884682953745,0.0072063820735832835,0.004659151865527631
0.3209054709741743,0.010718838548772227,0.007293479978082055,0.00502024700612144
0.2834789717219336,0.009048453682027469,0.0061566038040868605,0.0048516965542778475
0.2859729762478237,0.008611948725354437,0.005543145630502778,0.004690195420976402
0.2559947396636042,0.008710664964566977,0.004561609881635437,0.0050315258501492125
0.2355193887327326,0.00893769774013488,0.0038050075653750333,0.0047592523672897276
0.21850962041040647,0.008101063001719793,0.0033076762220318225,0.004649288855857155
0.18553982184968673,0.007154462141226972,0.0035549367481911036,0.005525084928166582
0.1565740197124312,0.0071248755901571256,0.002348481306422979,0.005673939607237556
0.15708889670878254,0.0060330963207099395,0.0017090864676043587,0.004986749746492174
0.14161132482984523,0.005649560900497852,0.002131986746106915,0.005086838541558219
0.12862420474946928,0.00518258411446863,0.0016493032837313361,0.004878656166063965
0.14114529783429883,0.004537081635225371,0.0019878080476688374,0.003878745083197656
0.13513952524455863,0.003944507294997704,0.0025565364898686356,0.004205142127139646
0.1251364175951063,0.0034464036792547117,0.0024458010498775496,0.0041751153629073475
0.12716883603460874,0.003236791242084792,0.0023331060645756276,0.004223739265253243
0.10620036856228812,0.002483610997938848,0.0021771062073687895,0.004519292640536218
0.08321369355978653,0.0015512592217674817,0.0011972184974384657,0.0038949583018132047
0.06622213296502999,0.0012483903794760641,7.24050419668473e-05,0.0036900924475913037
0.03674012155867581,0.0015064789875621045,0.0002657769065387704,0.0036092206897611486
0.028760550530396743,0.001103445806688261,0.0006691952526111994,0.003061090525788478
0.015287863454153193,0.0009915498918808675,-0.00010359739450413787,0.0033530283141590426
0.029749448158792657,0.0008278724776078871,-0.0011377113255598434,0.003448363001143308
0.028760550530397104,0.0006176161946233874,-0.001138196794775847,0.0031415622581397917
0.006816952248090279,0.0005694897693283381,-0.0011217928801247733,0.0033997797385869016
-0.012165282240032958,0.0003142995301381762,-0.001957142384754178,0.0029198549238747657
-0.02415240241910576,0.0002324292652621697,-0.0019422092542633938,0.0025156056917108012
-0.0166517370229516,0.00032815866099740487,-0.001475762403968929,0.0026269564920331314
-0.025136415047420653,0.0005870651668628826,-0.001378304212027269,0.002659840934523551
0.011317617940331322,0.0010640748421030881,-0.00032133409660059444,0.0028291659829069666
0.012836935747150842,0.0009688309983735317,-0.00044873638528168983,0.0027502432016451154
-0.01711287901842149,0.0003295306437962613,-0.0021031438809103148,0.0024031797965837908
0.002371797920392736,0.000683199401927422,-0.0012016463230726797,0.0023204417753531904
0.03385336503843781,0.000986672723817662,0.0005202804572065271,0.0021545785683743253
0.026852921638394714,0.0009385067221616101,0.00013359811684914764,0.0019294586111894437
0.022354476400735297,0.0005524978592219737,0.0006507572616455792,0.0019463808740263144
0.06433359998243024,0.00028904621902908946,0.0013870930915078248,0.0015374074582633595
0.04586268976333087,0.0002406333025500497,0.0013548450385936332,0.000924800811649223
0.013877792012759377,6.314585825727384e-05,0.0008711997483556822,0.00037709780882247873
-0.018085345282909483,9.499835440209574e-05,0.0005644645393119409,8.675683711732662e-05
-0.032045375718691795,0.0003561634266622063,0.0006964240274152554,-0.0001522025715867868
0.0034295296408255113,0.0005275441601788971,0.0009482591750440637,-0.00041649368002903215
-0.0010560369602603814,0.0006656009564018346,0.001553724343814257,-0.001907412518906293
-0.003542047849655283,0.000789410400236924,0.0018225182933826465,-0.003170437204875449
-0.04000762720123174,0.0002418065807887483,0.0005176735076977411,-0.003587419347391509
-0.08798008882700875,-0.00035447888875415846,8.31366593860169e-05,-0.004150544687571552
-0.08749896274030358,-0.0011367219799259484,0.0002527751372070288,-0.005770587696309615
-0.1124843052726599,-0.0022332791512704024,-0.0005364922879592868,-0.00728463753924944
-0.13946298624388298,-0.0037176484555567447,-0.0009877435830347658,-0.007977315808632346
-0.1589103595457203,-0.00611004661075776,-0.002346219182522361,-0.010979016700634312
-0.1803368603770972,-0.00948391792144542,-0.0031375956342084227,-0.014236336361944355
-0.2108037725935975,-0.013282019643895497,-0.0037240749317640006,-0.01894949540696069
-0.2482453709369947,-0.01780594482828566,-0.005019611022429806,-0.02495146830095985
-0.3201272356471273,-0.023666971134107644,-0.005942141670582973,-0.0305485224840111
-0.41300288101181104,-0.03035962545575953,-0.007147422034669067,-0.03883023730273946
-0.5193494370890807,-0.03824648453698405,-0.008900971825452443,-0.04867541210169833
-0.6636577975970919,-0.04629316325531209,-0.01102378290502542,-0.05909910367313098
-0.7794863670546344,-0.05438002036799198,-0.013235105797727314,-0.07028835036114271
-0.8473509126138133,-0.06319142084619171,-0.013848778842792661,-0.08221903697467488
-0.9706810356493406,-0.0719906112193837,-0.01635263478334386,-0.09616720359719265
-1.1179698558609443,-0.08027001756177095,-0.020046091989244792,-0.11251306016147859
-1.1468765939063235,-0.0866542707233326,-0.020878771128450307,-0.12854793975691933
-1.1048810389607202,-0.08922797010084452,-0.019935642389598877,-0.14285696110365323
-0.9205109537631728,-0.0889924603397227,-0.015927856190863007,-0.15679640659060795
-0.6517752144076426,-0.08683374771991369,-0.011094868125336593,-0.17249088815134314
-0.3915312585312435,-0.08114534663661958,-0.006910899382333798,-0.18941420856798252
-0.11131395008374742,-0.07213955202073226,-0.001250379455009029,-0.20465270850383543
0.32772526221361575,-0.05713644354561139,0.008177300332336997,-0.2187713918486188
0.976532194235555,-0.03430166253812535,0.020496386158872722,-0.23250014687865017
1.5882702958172092,-0.006785262347445367,0.03228556348390347,-0.24533962139031676
2.22889071044384,0.02652575822476603,0.04446338236933552,-0.25595291313206714
2.9278985422494554,0.06492099783741485,0.05583641622419141,-0.2653228041394242
3.6852897944158043,0.10853428204573833,0.06850524172598903,-0.2740429341001232
4.554023161256777,0.1581211258477516,0.08346652242980107,-0.28163343327086027
5.469149275552083,0.21374291871029208,0.09954021519616878,-0.2872903007318428
6.532146588874632,0.27590746931887916,0.11939401134739618,-0.290879345507043
7.799005325697281,0.3430769864271579,0.14315203572539856,-0.2916478023452853
9.160628240867222,0.418489763933687,0.1673752433108732,-0.2922739420286839
10.531226730148488,0.5003874010481018,0.19312812931831866,-0.29125891745373417
12.039803889445727,0.5850450578507508,0.22312180293465544,-0.28434631366697966
13.716732483701158,0.6737563378731237,0.25579514216805976,-0.2745952051475307
15.469171062550657,0.7636785724823414,0.29267703534667766,-0.2604458124150362
17.39560740377247,0.8532341672764138,0.3359476861538041,-0.24183183208861223
19.38617829822539,0.9393427277819015,0.381900691086679,-0.2201186955325155
21.330877539493162,1.0209661763048092,0.4282897591293283,-0.19305269184510818
23.32514583201297,1.09792729420648,0.47756568649262904,-0.16168365489396155
25.24054735960468,1.1710813617774856,0.5260849855495334,-0.13015161982011308
27.02858723410059,1.2425897727545847,0.5703805908906666,-0.09935720181726908
28.57191268323625,1.3034829676757538,0.6101161314044213,-0.06644432084118661
29.682936461652087,1.3594418614519157,0.6399239900602546,-0.032584145464992255
30.41521030065964,1.4090196249820692,0.6591647114592513,0.002035844678086505
30.843787039675743,1.4447304194402253,0.6714993240571326,0.03567260695969412
30.889173125865025,1.4694210317994272,0.6733555787949406,0.06804592345176795
30.559990017254197,1.4785350905939068,0.666549300581932,0.09953517098424831
29.859256365365646,1.467313495712121,0.6540963642219727,0.12901023210906407
28.813027678997845,1.4313922045741723,0.6361184935679912,0.15936569488888838
27.662039256178872,1.376629582432962,0.6169695101275485,0.19127571950865693
26.340719382690338,1.3092475063815,0.5924671499038975,0.22546279594833377
24.641786349697053,1.2226326600226896,0.56027628074528,0.26094811932544626
22.70170972349925,1.1151390246219037,0.5252172148642477,0.29793686436553835
20.62926211878987,0.9958917552885838,0.48513779907933674,0.3366164432624341
18.41232674084227,0.8726885691645034,0.44052562030708897,0.379876169722043
16.257403791321174,0.7448464316510762,0.39695351871300855,0.4240783287948181
14.263414212272565,0.6110959064999226,0.35782851529990595,0.464904527423149
12.403367776361387,0.4790148275591996,0.32440192414431873,0.499493874422253
10.643724740756957,0.35333265587562757,0.29145180670192755,0.5269497254704802
9.039298581846104,0.24341421827407184,0.25896785514184295,0.548841713220892
7.563139928658095,0.15187732790332953,0.22872720058773602,0.5610608880936702
6.209690383780251,0.07531043129991212,0.20030387650863052,0.5674862120826832
4.9764403995046145,0.01572697722835416,0.17164683105627532,0.5675839098488967
3.8364992248613996,-0.030267078796637304,0.14452403674680045,0.5591060425615395
2.7864261463333833,-0.06648874298573061,0.1199100827154928,0.5455413551336802
1.7886943001212228,-0.09267362841427194,0.095118821986006,0.5265437610331245
0.9647341740049398,-0.10646243474746545,0.07468390594141065,0.5012259298975452
0.3411490165071458,-0.1148685995734187,0.05851442442125417,0.4748978749828236
-0.12956716291146728,-0.11931292158481879,0.04504575778891455,0.45136496289001893
-0.5668586190467212,-0.1210574550715781,0.032146390295946056,0.42694987104101695
-0.9661434175686798,-0.12387757151155791,0.021622477354186435,0.4020223110727346
-1.2704806281948915,-0.12440651438724311,0.011743272399244227,0.37799683603366224
-1.433455298925208,-0.1227220251139441,0.00412389335096461,0.35331111486574274
-1.5414734959936065,-0.11809366904561659,-0.00019955651189740523,0.32890360088449655
-1.5740669739238833,-0.11143087371858028,-0.004102567440116636,0.3029009121760884
-1.5152268524768393,-0.103788982225834,-0.0065275762180825505,0.2766015045247325
-1.4529127106938435,-0.09485768546288498,-0.009276512405051176,0.2511553529942498
-1.343141428372337,-0.08453830246250911,-0.010090451552997877,0.22665904533313075
-1.2333470533231787,-0.0753926098917022,-0.010351989778639428,0.204504184116715
-1.0845771071235664,-0.06735705780259194,-0.009207669637753308,0.18265764648387553
-0.9048182662564372,-0.058435285079328124,-0.00601714205998999,0.16135616379881557
-0.6950674219866845,-0.05132321696167934,-0.0027645689951076363,0.14261556706300263
-0.4953019217297344,-0.04403073462815672,0.0012002809770156717,0.12576351197027955
-0.27153997656881645,-0.0365795207661387,0.005936351310990073,0.10939179716399408
-0.05374516808791269,-0.030243019485819235,0.011106405017558347,0.09477567983886166
0.10109894070255858,-0.023303267291464584,0.014025605968778321,0.08040960208642856
0.30091684368764016,-0.01718476624037879,0.01802666636459397,0.06636669542606383
0.4817218699113748,-0.01048888346331915,0.022781941801465058,0.05481850095128213
0.6240511028898479,-0.004031958490383122,0.025702408114033366,0.04414560289417114
0.7619165297221375,-0.0001290395165463455,0.029247149991623374,0.033790115359187925
0.8438197098092957,0.003146007148907056,0.030375057672531805,0.025131025271403276
0.9242089011806305,0.007258747220825551,0.03164667379963377,0.017615071128221815
1.0066118591729825,0.010892596111736451,0.03482586284136997,0.010473419726304922
1.050543908920153,0.013757683828049217,0.03470584280456522,0.0038402542303046967
1.11994953274105,0.016735828927314938,0.035263045159793706,-0.001955071910718122
1.1834008985185103,0.019074576653531225,0.03726114168410397,-0.0067299501124233226
1.2108536001217778,0.021336158243400502,0.03726363988386235,-0.01148341835270691
1.2447980854015646,0.022762338324276737,0.037624498421292354,-0.016040061732152087
1.2183058596080465,0.023806849254657057,0.03671732654233192,-0.018961670084727534
1.1832978694259135,0.0258076994643681,0.03504060657881286,-0.02149136632433092
1.1817883216192544,0.026956442561460556,0.03509203657612558,-0.024164583492293563
1.1852583451369636,0.027540106369938533,0.03553007924739307,-0.026451531658547293
1.2212099356740227,0.028315061508194093,0.03553048946164929,-0.028821043354692537
1.2166883977087115,0.028755759594033696,0.03443921375093574,-0.03068520396815824
1.2106861778463052,0.029356171396877503,0.03436196816988451,-0.03258415764115912
1.184719487231129,0.029878860138512375,0.0333687327376835,-0.03410853649633451
1.177210384107565,0.030388923195198234,0.03220166571327707,-0.03590332213056599
1.1931997243464338,0.030443041288681374,0.03312631198821746,-0.037655732166518886
1.1986710799395004,0.030517315619775897,0.033281126852069,-0.03891978208122823
1.2361277773740538,0.03125220378960323,0.03428943079542599,-0.03984700150877238
1.2685871398475856,0.031176690016490993,0.034681513403038405,-0.04130928696477075
1.240105572433453,0.03162406416601588,0.03403220121597801,-0.04244168019465558
1.1831641980600858,0.03249346259827039,0.03332088353753874,-0.04289441679794512
1.1881490984754493,0.03285684141157404,0.03289396464117695,-0.04457846547674379
1.1926435468948628,0.03338262506259992,0.033532131401837896,-0.045698152352419655
1.2061077962436975,0.03408703914898387,0.033558798916565755,-0.046767798023265986
1.2325795938550623,0.034532247090814934,0.03337485565901432,-0.048144598983725466
1.226107350178861,0.03436637665049118,0.03387012712754443,-0.04937480946667295
1.2186168988737827,0.034670000790828555,0.033286777545192645,-0.05026395750275353
1.2210944720357655,0.03563279250432917,0.03352322768407491,-0.05117237247398671
1.248046507552005,0.03585359663090942,0.03432422068223077,-0.05182306159019451
1.2859892160733457,0.03737769664945826,0.03376724214684302,-0.05229893978351367
1.3069696740004086,0.03835455127291333,0.034565885295997745,-0.0532744150626398
1.3369625655848656,0.03841130180968937,0.03489665372996641,-0.05521712736944215
1.3754534579212823,0.03930269914959886,0.03502952613696451,-0.056164543597846055
1.4203735171150165,0.03973147360885719,0.03623176637055004,-0.05557600568287979
1.449816448520729,0.04061210032166865,0.036128173943798136,-0.05643723689193848
1.451344204054958,0.04101242710758207,0.03707628731061992,-0.05750520085008662
1.4618262173365382,0.041959383463438686,0.038280350232499254,-0.058188468626682574
1.4753033453219488,0.04308256493105799,0.03769361329719709,-0.05880693075217812
1.4887862464892718,0.0431595414164101,0.037657666696945126,-0.05951996550443795
1.4892833598489674,0.04375200115252806,0.038459182473881116,-0.06020237581326015
1.4917773643748575,0.044374830752051606,0.039371649636878815,-0.060387009337918254
1.5012504959368043,0.045497095017500794,0.039606211170310206,-0.060636315489810556
1.5127178541194455,0.04625231970305808,0.03963527961511014,-0.060994199112295255
1.542179437343649,0.04742010521345062,0.03964124892959914,-0.061520261243455596
1.5601701096578746,0.048700041689889714,0.03917888199881044,-0.061837125371223094
1.5881328032574116,0.04871209017207894,0.039319892913474166,-0.061873582112110116
1.622075068082621,0.04999503370096606,0.038908897301685605,-0.062477678460691355
1.6235655199798713,0.05077842366181202,0.038772641770563644,-0.06358112822124298
1.5850981644620217,0.050876077743619616,0.039031428164521244,-0.06395132425962567
1.6080741812825303,0.05191694834478952,0.04016810195392245,-0.0647341663098791
1.672016443146858,0.052534850809410144,0.0415915439518659,-0.06532722769012385
1.6959915716868355,0.053110119644590094,0.04069920936833914,-0.06563838461690784
1.7254345030925498,0.05381357755100436,0.04037024003569982,-0.06603155200100992
1.7379031934492455,0.0539883445995393,0.041786234478752224,-0.06616451630627462
1.789344790410896,0.054913276703388775,0.04309726504715432,-0.06732130133631734
1.7823323565561118,0.05523147758739772,0.04267357538182972,-0.06835724750673515
1.7858445687108762,0.05500351171778289,0.04341312315002929,-0.06900483843545767
1.8373070379455974,0.05596194508258419,0.04416111665537307,-0.06998255375934877
1.8353017090519927,0.056827745564457834,0.043365593291579026,-0.07048717908003958
1.8572706205165348,0.05737078565791398,0.04358571123255924,-0.07131518062070469
1.8612639587580033,0.05797981046140581,0.042904443838382766,-0.07217318504375943
1.8497797251205412,0.05889537631486052,0.0434483916783845,-0.07221010965027981
1.8532697327294865,0.059553310894195945,0.04437981202876585,-0.07268212106410214
1.8802488577916245,0.05996371276901982,0.04511228270167081,-0.07354637021906688
1.9136980060753839,0.06119515707440684,0.04569775365151332,-0.07354181164230747
1.946665584181519,0.06255670551075272,0.04530080473942687,-0.0736320967882218
1.963183124144229,0.06306539472535223,0.045131920294596416,-0.07460692796044086
1.96864781837355,0.06423425054225819,0.04534854372087129,-0.07555127553750826
1.9771280554888557,0.06506841050715746,0.04558545150571612,-0.07528233670914602
2.001618505116103,0.06553435819944424,0.04626056874771777,-0.07512372002037564
2.0570330121370746,0.06732971341781537,0.04763515552748152,-0.07552376540711944
2.0929761649467187,0.06817484849566248,0.04825382935395085,-0.075905201597028
2.113961951964779,0.06877859707972438,0.048679696975681086,-0.07596337260530585
2.1324683894571903,0.06951764335306357,0.048886063774160986,-0.07651491839757321
2.1524679433923537,0.06983689199255268,0.049994998850883855,-0.07776076294877653
2.17442752894765,0.07100783866581185,0.05118102427842473,-0.07804288447531894
2.194887780787367,0.07225850762383437,0.050802270231178885,-0.07830845242009608
2.2153631317182403,0.07336347990110746,0.05132587011435272,-0.07904282722538725
2.2348531377480483,0.07343961213629027,0.05286902269474066,-0.0797903531125914
2.247837149192011,0.07433499698522464,0.05337668379617146,-0.08023433696660097
2.254321827413872,0.07536088692030164,0.05306354449166167,-0.08051495731326294
2.2742956240758874,0.07607861753817823,0.05352268402603884,-0.08142658825339455
2.2867696435235807,0.07719899529945015,0.05431962527262544,-0.08237152094154257
2.2892649803222174,0.07779020891328894,0.05460399570814951,-0.08295798664081663
2.3212183476177257,0.07919605976070868,0.0542029424352259,-0.08419702694168427
2.3486981387668897,0.0806839076440924,0.053883813953058184,-0.08545094587262231
2.3786750430783568,0.08137016801471979,0.054182536604090975,-0.08574900113788984
2.4276133096048795,0.08200288859182517,0.05521773627071323,-0.08642364496104193
2.4405911037760135,0.08320720755185368,0.05624364241605991,-0.08649494004301259
2.432594213201995,0.08465555443223594,0.056497682940183556,-0.0866280518186073
2.4450913253773363,0.08556521627154694,0.05718082620697399,-0.0875738287123356
2.4960198217063065,0.08620115568924207,0.057542124829308594,-0.0876642676439485
2.546963417126428,0.08723769489900184,0.057900619496972436,-0.08866033388514019
2.557460973590081,0.08869486917965434,0.058614888644715736,-0.08901074767544502
2.576455642623861,0.08943079578941124,0.05899547771472386,-0.08956556793573228
2.6054094543063733,0.09029156610071049,0.059662016401446256,-0.09115668771600463
2.626353052687378,0.09105754994680217,0.060362828653345336,-0.09206868876992301
2.6548337319196786,0.0919523509963486,0.06188558389474355,-0.09215947731454303
2.665814634924618,0.09320150130988476,0.0620534553868906,-0.0926527557720822
2.664319742118199,0.09406714406466878,0.061628577327969,-0.09386723035460047
2.690791983820481,0.0952652556532701,0.06229359777135119,-0.09476662738314978
2.6977582322199662,0.09599972300909716,0.06257599702945273,-0.09612891304080122
2.6982513487614153,0.09714021040200471,0.06279652269300008,-0.09677916649653155
2.7407022725205756,0.09859547271113392,0.06420212104254992,-0.09701925347362989
2.7966218865377357,0.10008162252510168,0.06497758226652206,-0.09758260277337029
2.8330665936162425,0.10161989716053442,0.06522473641604683,-0.09783545092984565
2.8495428331237327,0.10290104939536616,0.06602109039935569,-0.09858750820529157
2.8670208488961895,0.10395368950630282,0.06616996549833665,-0.09977688590282567
2.873525067118374,0.1049286802339133,0.06646696767423402,-0.10025400142612412
2.8939866512308403,0.10681928693575696,0.06706613977314572,-0.10149326064663951
2.9743909416933296,0.10876726544365967,0.0680289450373084,-0.1032559157273085
3.047322544487401,0.1106897238086859,0.06948215559002327,-0.10383535797015103
3.077282573344044,0.11248315698230442,0.07040340887682461,-0.10460772554267811
3.113214179789869,0.11430666117654643,0.07122573055779424,-0.10583361888138497
3.1616757611388455,0.11555225423036661,0.0724540896577326,-0.10697627162794725
3.2126433374684527,0.11658763392679446,0.07314998455393065,-0.10757075048898274
3.270568724470132,0.11855899854646794,0.07460369253906768,-0.10792398937152256
3.298563836706564,0.12004488375174806,0.07618498266446269,-0.10906870657108757
3.328012985385107,0.12112746794670051,0.0760735805992126,-0.11079220294121686
3.3679317127995714,0.12231030499938103,0.07661048738113033,-0.1114971620509925
3.3963910756678866,0.12357274757416854,0.0777589501443308,-0.11189742456170812
3.427336449425597,0.12507651637347267,0.07818121239763973,-0.11390994535085805
3.4582831554560554,0.12719244367245713,0.07855409240695635,-0.11513346782407655
3.4907425179295863,0.12945259547361193,0.07969982122570736,-0.11506892889368066
3.5042378536425702,0.13042514135222175,0.07970418601906414,-0.11687022239765638
3.5681610195974915,0.13229129199871922,0.08058523559063042,-0.11829539246830406
3.62607441614443,0.13441916843095372,0.08116351468188074,-0.118765556716696
3.656501804269376,0.1361943916755877,0.08192147648367083,-0.12012024016147099
3.7054129812499967,0.13883785082213004,0.08364363286135754,-0.12083402453124634
3.7184103154214507,0.14082804767043192,0.08311704591904324,-0.12232746037521101
3.7738798897160475,0.14303490019363457,0.08508010150026102,-0.1244933561407651
3.853306828913972,0.14524331608252283,0.08727042590383018,-0.1255293597322923
3.919737322122274,0.147111684821273,0.0877022802792272,-0.12733883740004984
3.983658711713534,0.14960764561528647,0.08776161272024413,-0.1291658256572707
4.033601863141437,0.15172207365739887,0.09001925268667274,-0.12969928181517748
4.0645432400809,0.1538023814042251,0.09206546129598127,-0.13120171006886727
4.1189537503823175,0.15622092206767202,0.09269231853043666,-0.13236494516993821
4.199884464204984,0.1584577187130755,0.09586218696536751,-0.13308327343876572
4.263318510436706,0.16069605785933058,0.09727631361133945,-0.13445949568541876
4.311745008603292,0.16338772556382694,0.09878868575393036,-0.1355279747806564
4.3506934902078465,0.16641819241782285,0.09955939095206677,-0.13743419302870583
4.39910044837411,0.16940062490592075,0.09915357386072234,-0.13827494832990112
4.462026723064144,0.17157389138031576,0.09966434826665724,-0.13968313948513617
4.53445366295294,0.17373039204548152,0.10043244322987253,-0.14181767295361675
4.6038446317735975,0.17643444996233595,0.10229575214730426,-0.14301918480433273
4.672260025693351,0.1792492138213096,0.10393110845728558,-0.14452905704516442
4.7152000691757125,0.1816003310533588,0.10528057239529946,-0.14563132539520307
4.776113021335647,0.183966757846125,0.10701613489337018,-0.14746024751396034
4.8460241962436506,0.18715547238306982,0.10842860188102081,-0.14983768449070115
4.896972676663854,0.18991162666140457,0.10973133154093859,-0.15092215739655
4.9688851836472185,0.1926489300493957,0.11133766321038864,-0.15192900541855273
5.06227837055375,0.19583259626979285,0.1133577151097569,-0.15332859664346835
5.110723964629738,0.19845583984546858,0.11409235998862073,-0.1550935043126567
5.158650684891127,0.20129148620701406,0.11371722699871233,-0.15724171850587443
5.236070518831784,0.20426924364422078,0.1161925512944228,-0.1594600677328767
5.307494794273777,0.20657168474036228,0.11912169087199799,-0.16077359156065513
5.41934468049009,0.2100942151168776,0.12064196882667855,-0.16197927231925
5.4842616290734885,0.21366915093526972,0.1214407577850777,-0.1633898994357718
5.517210111270219,0.21619649066207366,0.12257936230403865,-0.1645899873311128
5.588621508075634,0.21949212084001446,0.12416313476822445,-0.1665222019704426
5.643066213377616,0.22263104866297584,0.1254613711771856,-0.16848174699497628
5.707476722692075,0.2258992561109162,0.12816240003813895,-0.17028112979900575
5.802359029223113,0.22895695344718825,0.1306047398292413,-0.1715812443418344
5.888765983638928,0.2321417050318597,0.132013245628402,-0.1729792068008072
5.9816402967308635,0.23566368815443414,0.13337175789202135,-0.17503975007346087
6.088018827354112,0.23933166909280543,0.135005113583941,-0.1767773281916575
6.143455094829982,0.24326050979136574,0.13615749260506393,-0.17797977673400006
6.202864716456089,0.24668933285236602,0.13790658520562663,-0.1796339632441705
6.300268561149832,0.24994017682462044,0.1398486595465291,-0.1817724581558852
6.368682178705921,0.2534834417112324,0.14085763398811743,-0.18313430496742178
6.433591133652821,0.2568964593008979,0.14280051958559348,-0.18465935800493416
6.543488537794582,0.26045085856847927,0.1460937996800994,-0.18646352683457593
6.635376617803619,0.26448878239674556,0.14804840355342958,-0.187686680338212
6.702293122098707,0.26828918005530833,0.14862104160159412,-0.18872674849773682
6.781180315208966,0.2721869273316459,0.14988745215329305,-0.18997648498934164
6.86507283691674,0.2755669732904594,0.15150720147330712,-0.19169541253877417
6.964453588685438,0.279157477598517,0.15393373163512022,-0.1930758099970976
7.080833450594476,0.28231086405377637,0.15648779692485587,-0.19432878628850475
7.178762386375643,0.28550959279909516,0.1582810694761842,-0.1966804398826381
7.228682889166813,0.28908496919357246,0.15896744573791757,-0.19836459829370948
7.290109830141265,0.2924670854431683,0.1603796801426227,-0.1997427119411189
7.3775181167311334,0.2960892156497981,0.16288617342951908,-0.20138177684148031
7.443902424484133,0.2996327662316231,0.1646047956269861,-0.20235704370526963
7.511805605953039,0.3034643922464929,0.16643389579363832,-0.20415700016021782
7.609183249282712,0.3069887639602623,0.16889108260293195,-0.20578084066976227
7.6905942010102555,0.31024113588499347,0.16980288466879476,-0.2068850926125513
7.749532022458899,0.3133020580269527,0.1700236300550541,-0.20847020192924828
7.81994253118118,0.31681181967233374,0.17162788331524365,-0.20997890534241684
7.890368138994619,0.3200679087105865,0.17286583819728507,-0.21130543614374644
7.9582562213723635,0.3229394651078145,0.17313921594251042,-0.2120157427121486
8.055144744978842,0.32638507235958314,0.17480834690795324,-0.2132339197433201
8.141060803307788,0.3300269855318068,0.1769799261108546,-0.2139662156865604
8.188521052482713,0.33344463283351966,0.17831480837677754,-0.2137933026380942
8.271946214922187,0.33641100180637,0.18042407533201044,-0.2147651950418062
8.359816531689358,0.3396997250496525,0.18096915154019258,-0.21605850462319331
8.403278557622732,0.3424447033649167,0.1827443733967059,-0.21609051573708798
8.46023591926909,0.34506375559430347,0.18576414118748155,-0.21679758766969362
8.525162193761727,0.34784371471621867,0.18697780487076962,-0.21763248478594902
8.594575367128202,0.35021796811548744,0.1874959285312189,-0.2174211431685895
8.678005858658674,0.3524922720652406,0.18894598967411588,-0.21790700221295073
8.737953005917866,0.35464472252526963,0.19177364247599363,-0.2182901180537377
8.775897490802869,0.357072556975393,0.19281283605602806,-0.21791284833222588
8.826851744404983,0.35940260339657165,0.1930127221075497,-0.21810006902508672
8.892788232890009,0.36152504262767654,0.19473022618826874,-0.21881849647301063
8.938243597262245,0.3635032847532836,0.19509452159875726,-0.21877696501034372
8.985693188255176,0.3653045307682167,0.19505627217566573,-0.21863784256109095
9.03764078039485,0.36721879942144287,0.1963400851290772,-0.2181451445338389
9.049638114665001,0.3683792567183942,0.19648383345084988,-0.21811437761850852
9.066619017077763,0.36925332699985974,0.19716366618601383,-0.21766085391545612
9.117568385679796,0.37115386384726556,0.1980307138980151,-0.21668172513306613
9.19000553965967,0.3726966916590594,0.19899178138705237,-0.21668882646685797
9.21647778136195,0.3737629808310773,0.199718564849387,-0.2163818567977159
9.231468898063188,0.374250455769534,0.20036682700142214,-0.2156374379678462
9.267446245873398,0.37506067074213156,0.20083776463841085,-0.21434470202282474
9.291920264136733,0.37583814197405635,0.20175964344589944,-0.21364934722566978
9.323402719436611,0.37581115149272226,0.20299018497566249,-0.2125649935957129
9.356892724084679,0.37676677685231275,0.20370313513739985,-0.21136901931751562
9.373372960410414,0.3767253513669833,0.20387133382320927,-0.21045936107032642
9.38786252284279,0.37588006356678294,0.20389738206078684,-0.2094821413706175
9.390871848455944,0.37615882669701317,0.2035632685882037,-0.2086229377623905
9.360898052780891,0.37588028857165623,0.20222093985059764,-0.20733620399169145
9.340442241850335,0.3743800662850154,0.20259219405838688,-0.20620754453331316
9.299011746174635,0.3732199732747945,0.2020941359131945,-0.20435135949384137
9.258544834945093,0.3724783909263139,0.20072446682653441,-0.20280174598282716
9.24207348043768,0.3711370850244814,0.19978740520939267,-0.20162600398956596
9.186148981420441,0.369269632182561,0.19782488887190464,-0.19979812844833286
9.169181845826087,0.3678662289284838,0.19819614491351067,-0.19787949562857865
9.145202276376944,0.3666749992648051,0.19761861267184888,-0.19587700741032255
9.063294211289707,0.3646528349322214,0.1946631880703556,-0.19423506151664033
9.009871266343938,0.3624016642907055,0.19449374848705941,-0.19237298453447177
8.974434552803224,0.36054933471416084,0.19481952491038396,-0.1908705926045895
8.924512717739306,0.35847054007216717,0.1928231943346951,-0.18894752700684098
8.88906889874394,0.3559438848690515,0.19141120227932715,-0.1865534934400491
8.863148393584064,0.3529168943010143,0.19124048093250814,-0.18462821017670905
8.803219009961527,0.35041183663449293,0.19004353206440946,-0.18226115010531604
8.754270085253014,0.34796955167601806,0.18868359321565945,-0.1796700111400566
8.686888886235128,0.3445590659772717,0.18896805615357248,-0.17787033363209095
8.614465054982748,0.34190909787133655,0.18788427557945755,-0.17582549611894674
8.529054103649989,0.3390009470220969,0.18444669874391,-0.17374632689166072
8.423205993205165,0.33490298016403797,0.18270617891703503,-0.17218030263569944
8.349794152506222,0.33123887987972056,0.1815603581908582,-0.16995562104275633
8.24441428951153,0.32775478825244453,0.1784340570505099,-0.1673397443637871
8.135032650547956,0.3243210668138168,0.17682517221058555,-0.1647554981743093
8.068599936885072,0.3206248397218961,0.1759374468992563,-0.1620311224197737
7.98968654241075,0.3164137402059443,0.17379370119804086,-0.1599490193467232
7.899811340840893,0.31233300041976675,0.171506128250397,-0.1583814181190898
7.82241948462797,0.308039060948509,0.16918288400730838,-0.1563013144987776
7.7395096432757615,0.3038121128318781,0.1666363790801163,-0.15355756935919346
7.641130667772032,0.2998278320493061,0.1643968137002527,-0.15078122889164955
7.52178056025048,0.2950880384790494,0.1629017415604708,-0.14850243927288626
7.417427786702993,0.28980255195409693,0.1616030683684412,-0.14565662095595233
7.362525936223791,0.2859768069438734,0.1596992372498583,-0.14246423646263018
7.269160727044986,0.28179897714382857,0.15704058864615641,-0.1402033380012353
7.16679640693628,0.27714046816067384,0.15619099454346244,-0.1382469557079319
7.075394782104943,0.2733163223930262,0.15509485534978446,-0.13600487988065155
6.956517807033603,0.26888278883844485,0.15168095329487935,-0.13369246927742026
6.833180578543412,0.2636133928878978,0.1492053381391834,-0.13142603802991018
6.732799826873405,0.2592275687332576,0.14674192740350678,-0.12835744341565875
6.636895315895245,0.2550811268759116,0.14396954166233253,-0.1260167190034546
6.527031662663131,0.24980827080509632,0.14242553626603557,-0.12454454720172486
6.440105834432722,0.24517972042883926,0.14063856106342296,-0.12178355236282676
6.308721533094963,0.2403917486199277,0.1371768512975182,-0.11937380993119895
6.190893852016645,0.2355217943680418,0.13608375524972524,-0.11725766725755789
6.115510433333742,0.23098768727506297,0.1348264288296587,-0.11493480739563064
5.977151889960005,0.22642546181723275,0.13109048693335937,-0.11276680975479843
5.871764477419734,0.2223772526337281,0.1284968565839143,-0.1107150223312601
5.786373510178213,0.21724587808007811,0.12577221221753918,-0.10924554571147913
5.683032282895853,0.21188866513503007,0.12398270456375508,-0.1074060286675426
5.590670626345683,0.20746643436550857,0.12327244505510646,-0.10508473199300458
5.514758119757109,0.20375206706197196,0.12098011411527679,-0.10232886841190922
5.4563236289409875,0.19979457312286983,0.11926708726539469,-0.10057415903056487
5.333475076083081,0.19503797086873367,0.11778746480870457,-0.09839278683031885
5.198137848777243,0.19111626957113464,0.1150139133459995,-0.09631117751040741
5.130707799758552,0.1873339394460035,0.11366935611221334,-0.09525237024390137
5.067295069890814,0.18318416862025136,0.11153851760261718,-0.09312512913625816
4.968909877114255,0.1786143396080155,0.10879453134976634,-0.09127193194702092
4.892988044616437,0.1740295502596654,0.10790573524803979,-0.08983837593808207
4.818593079471009,0.1699595571805435,0.10659620915066116,-0.08739033052344417
4.716739195449491,0.16646912981895245,0.10475332452953814,-0.08549129216632365
4.640331351864883,0.16310632398405736,0.10294121622843805,-0.08393230844629739
4.563887536916048,0.15929511195140886,0.09995561745086247,-0.0823205089946049
4.482453492460856,0.15578722291767175,0.09880464826964729,-0.08052014213006552
4.380591170711924,0.1517798106606763,0.09792844950114428,-0.07896114847163721
4.299718632799298,0.14841381214655325,0.09659680597805094,-0.07790556226153662
4.239815450540831,0.14491556584481421,0.09503629952212878,-0.07641764043559565
4.121435588829187,0.1411693623370088,0.09195443305267667,-0.07493426666861572
4.052496436094755,0.1384150674018306,0.0896056404940342,-0.07447575776523552
4.001064609133262,0.13485316575623355,0.08798153562698822,-0.07390583644235671
3.9156727537099085,0.13172940978371836,0.0870370163893299,-0.0719153263393651
3.850258691766815,0.12887808279257887,0.08583266169055506,-0.07063583395024677
3.7538788278838604,0.12543301652919883,0.0840995839999045,-0.06919135296181589
3.692956549814682,0.12264499060273813,0.08379681072354371,-0.06760758993772174
3.6460133980906906,0.1198890825197315,0.08284900824471036,-0.06626523632779395
3.568629535514262,0.11648682079866708,0.08096523218185277,-0.06526151590829231
3.5341821636928654,0.11332482066897354,0.08020820626308234,-0.06471199038986816
3.4877201380555807,0.11116509009143134,0.07975932018471392,-0.0636127700121759
3.424300302733181,0.10870131831637939,0.07937746704308986,-0.06233372205782574
3.372379800139405,0.10584663226040666,0.0784599483981976,-0.061186818543372
3.3254295429607517,0.10402164054326425,0.07634639042378552,-0.060364312059796935
3.2789852809601223,0.10140868265394246,0.07525121654176538,-0.05983019649529812
3.203083432553536,0.09891070296862374,0.07401296974987019,-0.0586974198913732
3.1486218517967357,0.09713369088138119,0.07339831671259106,-0.05757035877769314
3.1026560513373127,0.09471144795203335,0.07202615293755989,-0.05653913861386364
3.0567395449696066,0.09188924677780436,0.0708508967927698,-0.0552144530530449
3.026272188662189,0.08989714648281569,0.0698278818159657,-0.05522087742830404
2.9588310373705897,0.08855609355007613,0.06816558899739492,-0.05407648178285333
2.8964089814949148,0.0864897155620065,0.06729407128504458,-0.05289974112966768
2.856946066984924,0.08432569493955909,0.06455159182885854,-0.0522219413191575
2.8065173485611505,0.08155093014639477,0.06485857574642008,-0.05164115098174575
2.7465915176659466,0.07935285925165035,0.06503237729870989,-0.051483620155832854
2.7231174993039096,0.07817127066443275,0.06383572184398574,-0.050599485795501324
2.7021614663772473,0.07669345245473604,0.06295572829364982,-0.05049526048644969
2.6687229762754807,0.07541045256618417,0.06188345572357064,-0.050163974253821055
2.6412707187631304,0.073711375844047,0.06286212319803017,-0.04928290257336854
2.6203244558366285,0.07209103560147127,0.06353253152879039,-0.04788760172250773
2.582853991583667,0.070714039226726,0.062027787983309136,-0.047004966988333924
2.531402180530939,0.06912829941912524,0.061539748822096584,-0.04633179279680394
2.51795080981868,0.06779630681980207,0.06272395390900166,-0.045454952216419924
2.4864852299736224,0.06670688435140484,0.06132918702886967,-0.045429751890199245
2.4495176522622684,0.06581076675548139,0.059917968902269934,-0.04500181977283388
2.4330609527550986,0.06444724634580021,0.05828159136313089,-0.04481496862070053
2.4180729446902824,0.06303511883623111,0.05766069309091058,-0.044322902807873855
2.4220502956587624,0.06202672762928689,0.05871680024267951,-0.04378363022977428
2.390107586545247,0.06066343293209953,0.05799959478500349,-0.043436151444058435
2.3526451159287824,0.05998535225091882,0.05801535652212876,-0.04324306332624173
2.328669543297885,0.05982946672400462,0.057553296385017834,-0.04230210795405852
2.3056753187498074,0.05888694484616954,0.05578940059041844,-0.04175900506547185
2.3031608860417636,0.0584056659717627,0.05588893766915323,-0.0420303581497615
2.27072905720505,0.05768459783404215,0.05657111472013575,-0.041364906892309414
2.248779685740829,0.05688484104528181,0.055562487103448646,-0.04145368866995341
2.249794784733289,0.056291937982354316,0.05498623434782835,-0.04128782162344754
2.24827546692647,0.05545473289135132,0.05497198894387347,-0.040463716404738705
2.249300335919091,0.054617771225852006,0.055425521026552904,-0.040768314170567393
2.2373287589220885,0.05386187380150022,0.056524310895892965,-0.041314930077206484
2.24081343744004,0.05378354161366271,0.05583341834263069,-0.04065097077326318
2.2433154356024225,0.05346203448419789,0.056140950158019357,-0.03974720257121294
2.242793897242328,0.053028404485750004,0.057078064982111126,-0.03992332842320363
2.257806330307545,0.05259575037327728,0.056952111977161074,-0.039581633998212774
2.2688143228583826,0.051692613710002194,0.05701708975728543,-0.03951671373664389
2.236338529020947,0.05124132581729948,0.05613091248811016,-0.039354181924044905
2.2148489672794467,0.05087373920632629,0.05571528832754817,-0.039124560483995964
2.214837420915622,0.05061663443591419,0.055684118540400986,-0.03994567362524282
2.2043491903612122,0.0503589561228566,0.05487852580565735,-0.040041188119156086
2.2008667322978464,0.04995600967189163,0.05460491239123381,-0.03971804909095774
2.161916030238707,0.04936506041724619,0.05436917179767126,-0.0392119715904954
2.126444233515606,0.04861263684013076,0.05398822211929158,-0.03941523957112764
2.133940902093513,0.04865725594068888,0.054016678043669546,-0.0398704666476928
2.1464180301776192,0.048462494494974986,0.053822089083547055,-0.03990366451954114
2.1319386818363224,0.048013170178180756,0.054098649007411764,-0.03994978659552546
2.1074895326642995,0.04845074554326539,0.0542617648103936,-0.040028642913173346
2.1264655498795935,0.04870806873665376,0.05361603447279513,-0.039787097113176545
2.132450894287176,0.04852884048837815,0.05361430519267297,-0.039982288037755095
2.1379382371532296,0.048078703469596466,0.05411575892821688,-0.040577566155970905
2.1499266896050515,0.047675072724141655,0.053744730317475835,-0.04078704649893789
2.152419805949107,0.04782387596550886,0.054651130771793795,-0.039897571733145176
2.174389161504566,0.04777987805783521,0.056654651123076646,-0.039056604196197865
2.1789124758335436,0.0471835124613957,0.0567681776949772,-0.039459077975265495
2.179937344826164,0.0468620766092959,0.05689844020889077,-0.03908710261988672
2.1969133622388477,0.04684243689880994,0.05713676627685769,-0.03931652404397944
2.204430903089825,0.04643863369961157,0.05742656187307518,-0.03949452029809443
2.1754615482252375,0.04586379415865025,0.05719079480613472,-0.03971395331420887
2.1804353463676933,0.0459434025588048,0.05722196642071174,-0.04011810030666021
2.189454441388833,0.045510716821704565,0.057676369048616484,-0.03948675957692639
2.1729910805179182,0.044918870140927915,0.057020562864415224,-0.039626080953349616
2.198954662496679,0.04540057081627488,0.05693756926985485,-0.039934708007727186
2.2119382298497245,0.04599439043824963,0.058062881685924175,-0.03951975913294189
2.1839733157956074,0.04604239303307272,0.05736923553957299,-0.03919711142561217
2.165995522117954,0.045576915465702604,0.05627541964671923,-0.038726133097890615
2.168480644825513,0.04539934728960764,0.057033077491897954,-0.03830770774610909
2.144505960376453,0.04544928350399185,0.057308676180064654,-0.037677672178967024
2.1544913043892517,0.045869769010794564,0.057986738524259764,-0.037371014888508615
2.183933791704047,0.0463340602921676,0.05728984132165749,-0.03797056325652741
2.1824215793518937,0.04617192663950807,0.055854223766798924,-0.03763150002680867
2.1699297962675455,0.045803855565362435,0.05587340579310908,-0.03799925851846953
2.186453553503089,0.0451896961229503,0.056775246985011935,-0.03862979656737199
2.2229071423999236,0.04512279681500952,0.058368958449882574,-0.038423982917938936
2.228381162538487,0.045397958225383395,0.0589985569366026,-0.038310843275032855
2.249404697284438,0.04520468351302367,0.059079525802083886,-0.03826218993212933
2.2679058056858534,0.04518627419846737,0.05944805666165597,-0.03894190896106485
2.2644149098950734,0.045008932123280075,0.060334915449145994,-0.03934558757960933
2.263880492898404,0.045508882819693064,0.059560794413379844,-0.03945802428546456
2.2349000357609077,0.04559400885904008,0.05883975341758239,-0.03946906042540107
2.183445560162681,0.04486168128846738,0.058043593216531644,-0.03944229351274839
2.1774557748459342,0.045003987356193396,0.05813740599256625,-0.03973549022065871
2.207443781430311,0.044788755192881,0.05874457783944637,-0.04037024413996771
2.2134269053833115,0.04404792322880476,0.05784318582604635,-0.04064208171289687
2.2029511093745615,0.04420798114018512,0.057197007602589084,-0.040159155582708286
2.23093334297442,0.0445127985833924,0.057549919133340094,-0.03974207095206506
2.2329391159589425,0.04478815746275869,0.0591470270744852,-0.03914593751195874
2.216972424356805,0.04472316609576807,0.05946901806224703,-0.03917891393107192
2.2574513260410884,0.0444618890045842,0.05986896824716654,-0.03935970774701457
2.2744033625442883,0.04513896654962734,0.05933630404652744,-0.03879561190133975
2.2868502924460827,0.04555743665444661,0.05875484618960487,-0.03829638841229595
2.2888436308849425,0.04528615673865541,0.05935438943299511,-0.03810042326054381
2.2798720535918546,0.044950286296448275,0.059631449610053164,-0.03814604530619515
2.2808920375843975,0.04474187480186102,0.05914915207054958,-0.03851506060983541
2.2838724972879874,0.045225803023886006,0.05887492261444184,-0.03846660910398504
2.293867167210033,0.04559441748695611,0.060129911299942634,-0.03871207040344489
2.2993536218942543,0.04538650829586378,0.05953526276570085,-0.039064361702820447
2.311323422527588,0.04582002651731559,0.05971044510129566,-0.03905055466549102
2.291866279225591,0.045385777172561155,0.0611305968901815,-0.03896977919500601
2.281873385667212,0.04477795298692726,0.060829630424874694,-0.03809357949958923
2.2858622829995197,0.04464770583642787,0.05950648021988186,-0.038561095497519286
2.278379381240021,0.04443475960434095,0.058971284357634775,-0.03917642654379595
2.28036561422422,0.044805033133529334,0.059018791277419234,-0.038048797068570554
2.270386043393334,0.04421134061371497,0.05887703984868466,-0.03790022743528994
2.277381157702382,0.04388856187556408,0.05890922886762472,-0.038271113739650656
2.264394037622005,0.043825016220167844,0.05921654305595482,-0.037754487898966044
2.2474402247551404,0.04376069859167204,0.05971654802994396,-0.03827060479605986
2.242950661335807,0.043583543454949754,0.059410575447819386,-0.038640792817883324
2.225974643923124,0.043249717536924484,0.05864175782439987,-0.03840936924760318
2.237489963924732,0.04276623434181835,0.05914213826076294,-0.03847369854642481
2.2394695355451892,0.043151442274961316,0.05936578446658187,-0.03770210847196043
2.216464652815116,0.042914032708723474,0.05756476662828828,-0.03767975284202424
2.203005732557277,0.042177417901272364,0.057747755043061226,-0.03825465231477754
2.225977308468621,0.0428687739585161,0.058535227151176004,-0.038177243230547685
2.2189706477957474,0.042934291472644596,0.058004177792143306,-0.03814355490379135
2.1815148385430274,0.04288975330128634,0.05823375264532844,-0.0378335729938014
2.2224850804050935,0.042549755616069114,0.05960297443739132,-0.037819805265403794
2.2220048425002177,0.04187544199727293,0.059429039147331775,-0.03809031569772587
2.2060008472611097,0.04168436767690894,0.05812572678401379,-0.037989866326100095
2.2204677610567467,0.042135753931608996,0.05822203084305501,-0.0382805728589526
2.196982196330885,0.042300588216723986,0.058386720262079785,-0.03797093143115307
2.1775250530288877,0.04238329619244304,0.05850159941004758,-0.03734025369283813
2.1735463697876587,0.043203219571087165,0.05816001871682453,-0.03697217001872121
2.1615374891536847,0.042964466252836925,0.05763128528990488,-0.03693616679137524
2.1390390456925483,0.042871995484154546,0.0568779019925207,-0.03697951653730501
2.129049704861503,0.04254828383660474,0.05766688630770115,-0.036997327128399204
2.1120945597218883,0.04182490112302136,0.057653509494231626,-0.03702681270680672
2.1390692438748635,0.04188864904843599,0.05742700682631671,-0.036737214687867926
2.1840101753416645,0.04222506932975952,0.05897226732016446,-0.03637022471189341
2.186498406685639,0.04240448493673089,0.058103603009088296,-0.03610958554482074
2.1924944092752185,0.041838418384784325,0.057280088765856274,-0.03710970915443986
2.1829955204401204,0.041855911324932465,0.05612067041182877,-0.03688161603618616
2.1729968536998294,0.04174742105544937,0.05580269419604405,-0.0360385332388605
2.2059613231695523,0.04126222556730377,0.05763947813993471,-0.036347590338821026
2.2229502192188106,0.040988371395330764,0.057962376518820836,-0.03583151625905799
2.2079817511543123,0.0407697295616519,0.05724415419162189,-0.03529159147586487
2.2044775326360444,0.041014360815447425,0.05735959437141962,-0.0350311559159814
2.1999813078529638,0.04053140672832601,0.05734460390706982,-0.03509449816157662
2.1874908570413676,0.03997374871025563,0.05688417554766775,-0.03461944590695348
2.184491301428371,0.039925869365316606,0.0570620451135085,-0.034216028006622816
2.1789817540164984,0.0396703374405155,0.056838985056641,-0.03435827934473283
2.161472651879892,0.03919293135640622,0.05639424969117934,-0.03352898900456226
2.1325028529243903,0.03889003156445402,0.055156552223422535,-0.03276647342979756
2.1295419332211187,0.03861505569170373,0.054833454681830256,-0.03281521241374892
2.146542819725119,0.03865838674407282,0.055086329281822624,-0.03309458640254626
2.1300417111263132,0.038660288204155804,0.05421764902792662,-0.03276947570028075
2.1255237258883315,0.038566389557824925,0.05475258792238854,-0.032734788751915544
2.133002630829585,0.03919299839306807,0.05518517660280648,-0.03257665741137979
2.120550371836794,0.03855188426980735,0.055012167994825854,-0.032588291688945205
2.116575241322895,0.03740995046488525,0.055128755788481164,-0.03263302451488341
2.1195654710266485,0.03810067292031907,0.05414218910492244,-0.0319742854208859
